rc,beta,delta,eta,rd,c_star,s_star,i_star,eig1_real,eig1_imag,eig2_real,eig2_imag,unstable,max_real
5.0,9.0,3.5,7.0,12.5,3.384288064887601e-20,3.053253857256217e-19,1.0,-52.1,0.0,16.619999999999997,0.0,True,16.619999999999997
5.0,9.0,3.5,5.08,12.5,3.7482807347265344e-20,2.4267555331146793e-19,1.0,-50.18000000000001,0.0,16.619999999999997,0.0,True,16.619999999999997
5.0,7.6,3.5,7.0,12.5,4.188411502541853e-20,2.810818205709435e-19,1.0,-50.7,0.0,16.619999999999997,0.0,True,16.619999999999997
5.0,9.0,3.5,7.0,10.92,4.34564860112731e-20,3.494167360882035e-19,1.0,-52.1,0.0,16.619999999999997,0.0,True,16.619999999999997
5.0,9.0,3.5,5.08,10.92,4.501244828640229e-20,2.7014518101623975e-19,1.0,-50.18,0.0,16.619999999999997,0.0,True,16.619999999999997
5.0,9.0,3.5,3.0,12.5,4.664546033532752e-20,1.8731537929240843e-19,1.0,-48.1,0.0,16.619999999999997,0.0,True,16.619999999999997
5.0,7.6,3.5,5.08,12.5,4.918356549413132e-20,2.2270415306960164e-19,1.0,-48.78,0.0,16.619999999999997,0.0,True,16.619999999999997
5.0,7.6,3.5,7.0,10.92,5.206967135274986e-20,3.18511103516463e-19,1.0,-50.7,0.0,16.619999999999997,0.0,True,16.619999999999997
5.0,9.0,3.5,3.0,10.92,5.2155226385012277e-20,2.016840396762087e-19,1.0,-48.1,0.0,16.619999999999997,0.0,True,16.619999999999997
5.0,7.6,3.5,5.08,10.92,5.723100210968086e-20,2.4520986022491994e-19,1.0,-48.78,0.0,16.619999999999997,0.0,True,16.619999999999997
5.0,9.0,3.5,5.08,9.0,6.070413236119285e-20,3.2231422147904037e-19,1.0,-50.18,0.0,16.619999999999997,0.0,True,16.619999999999997
5.0,9.0,3.5,3.0,9.0,6.275086638674601e-20,2.280577500045758e-19,1.0,-48.1,0.0,16.619999999999997,0.0,True,16.619999999999997
5.0,9.0,3.5,7.0,9.0,6.498049133820435e-20,4.352436328911647e-19,1.0,-52.1,0.0,16.619999999999997,0.0,True,16.619999999999997
5.0,7.6,3.5,3.0,12.5,6.615204888863079e-20,1.7129883295673474e-19,1.0,-46.7,0.0,16.619999999999997,0.0,True,16.619999999999997
5.0,5.0,3.5,7.0,12.5,6.80654678950694e-20,2.4029346701777127e-19,1.0,-48.1,0.0,16.619999999999997,0.0,True,16.619999999999997
5.84,9.0,3.5,7.0,12.5,7.070819847666408e-20,3.048858943264146e-19,1.0,-58.1648,0.0,16.619999999999997,0.0,True,16.619999999999997
5.0,7.6,3.5,3.0,10.92,7.193901091640031e-20,1.8223070329821924e-19,1.0,-46.7,0.0,16.619999999999997,0.0,True,16.619999999999997
5.0,7.6,3.5,5.08,9.0,7.34172699127378e-20,2.874885541350169e-19,1.0,-48.78,0.0,16.619999999999997,0.0,True,16.619999999999997
5.0,7.6,3.5,7.0,9.0,7.410039831408443e-20,3.907755469960047e-19,1.0,-50.7,0.0,16.619999999999997,0.0,True,16.619999999999997
5.84,9.0,3.5,5.08,12.5,7.920039492106432e-20,2.4252198206086863e-19,1.0,-56.2448,0.0,16.619999999999997,0.0,True,16.619999999999997
5.0,5.0,3.5,7.0,10.92,7.975322945123677e-20,2.670608571565768e-19,1.0,-48.1,0.0,16.619999999999997,0.0,True,16.619999999999997
5.0,7.6,3.5,3.0,9.0,8.27146879093672e-20,2.020347222506657e-19,1.0,-46.7,0.0,16.619999999999997,0.0,True,16.619999999999997
5.84,7.6,3.5,7.0,12.5,8.658608381539717e-20,2.8067917748308624e-19,1.0,-56.7648,0.0,16.619999999999997,0.0,True,16.619999999999997
5.84,9.0,3.5,7.0,10.92,8.793556436129208e-20,3.485475889842605e-19,1.0,-58.1648,0.0,16.619999999999997,0.0,True,16.619999999999997
5.0,5.0,3.5,5.08,12.5,9.074977497686526e-20,1.892425873350348e-19,1.0,-46.18,0.0,16.619999999999997,0.0,True,16.619999999999997
5.84,9.0,3.5,5.08,10.92,9.275452312398282e-20,2.6977472688643817e-19,1.0,-56.2448,0.0,16.619999999999997,0.0,True,16.619999999999997
5.84,9.0,3.5,3.0,12.5,9.86326721207635e-20,1.8727871838916614e-19,1.0,-54.1648,0.0,16.619999999999997,0.0,True,16.619999999999997
5.0,5.0,3.5,5.08,10.92,1.0001412998279955e-19,2.039756692462787e-19,1.0,-46.18,0.0,16.619999999999997,0.0,True,16.619999999999997
5.84,7.6,3.5,5.08,12.5,1.0213119536305245e-19,2.2251693883252616e-19,1.0,-54.8448,0.0,16.619999999999997,0.0,True,16.619999999999997
5.0,5.0,3.5,7.0,9.0,1.0342720482157692e-19,3.1781436540910044e-19,1.0,-48.1,0.0,16.619999999999997,0.0,True,16.619999999999997
5.84,7.6,3.5,7.0,10.92,1.045826097318387e-19,3.1776216901997864e-19,1.0,-56.7648,0.0,16.619999999999997,0.0,True,16.619999999999997
5.84,9.0,3.5,3.0,10.92,1.0850751549933033e-19,2.0156163956377073e-19,1.0,-54.1648,0.0,16.619999999999997,0.0,True,16.619999999999997
6.5,9.0,3.5,7.0,12.5,1.129708496065215e-19,3.0429641828004547e-19,1.0,-62.93,0.0,16.619999999999997,0.0,True,16.619999999999997
5.84,7.6,3.5,5.08,10.92,1.1633183145375363e-19,2.448530545752255e-19,1.0,-54.8448,0.0,16.619999999999997,0.0,True,16.619999999999997
5.0,5.0,3.5,5.08,9.0,1.1752113622884588e-19,2.3104168451091294e-19,1.0,-46.18,0.0,16.619999999999997,0.0,True,16.619999999999997
5.84,9.0,3.5,5.08,9.0,1.201723292558479e-19,3.214522023455321e-19,1.0,-56.2448,0.0,16.619999999999997,0.0,True,16.619999999999997
5.84,9.0,3.5,7.0,9.0,1.2511678036475088e-19,4.3340200573019483e-19,1.0,-58.1648,0.0,16.619999999999997,0.0,True,16.619999999999997
6.5,9.0,3.5,5.08,12.5,1.27018597839981e-19,2.4216368360866246e-19,1.0,-61.010000000000005,0.0,16.619999999999997,0.0,True,16.619999999999997
5.84,9.0,3.5,3.0,9.0,1.2712505049182032e-19,2.277480419510086e-19,1.0,-54.1648,0.0,16.619999999999997,0.0,True,16.619999999999997
5.84,7.6,3.5,3.0,12.5,1.3599551404540165e-19,1.7118269162885347e-19,1.0,-52.7648,0.0,16.619999999999997,0.0,True,16.619999999999997
5.84,5.0,3.5,7.0,12.5,1.3638042121770303e-19,2.3987713021336714e-19,1.0,-54.1648,0.0,16.619999999999997,0.0,True,16.619999999999997
6.5,7.6,3.5,7.0,12.5,1.3713142366571875e-19,2.801297615352891e-19,1.0,-61.53,0.0,16.619999999999997,0.0,True,16.619999999999997
6.5,9.0,3.5,7.0,10.92,1.3772933630810108e-19,3.476433513277693e-19,1.0,-62.93,0.0,16.619999999999997,0.0,True,16.619999999999997
5.84,7.6,3.5,7.0,9.0,1.422184713418205e-19,3.8924591555998367e-19,1.0,-56.764799999999994,0.0,16.619999999999997,0.0,True,16.619999999999997
5.0,5.0,3.5,3.0,12.5,1.4385361677355604e-19,1.4453474830920517e-19,1.0,-44.1,0.0,16.619999999999997,0.0,True,16.619999999999997
5.84,7.6,3.5,5.08,9.0,1.4417061435627138e-19,2.8675560748880957e-19,1.0,-54.8448,0.0,16.619999999999997,0.0,True,16.619999999999997
5.84,7.6,3.5,3.0,10.92,1.460639855419655e-19,1.8204894328330778e-19,1.0,-52.7648,0.0,16.619999999999997,0.0,True,16.619999999999997
6.5,9.0,3.5,5.08,10.92,1.4649394497708262e-19,2.6924589998107536e-19,1.0,-61.01,0.0,16.619999999999997,0.0,True,16.619999999999997
5.0,5.0,3.5,3.0,10.92,1.4974570828730222e-19,1.5021957938071853e-19,1.0,-44.1,0.0,16.619999999999997,0.0,True,16.619999999999997
5.84,5.0,3.5,7.0,10.92,1.5628916252816842e-19,2.6641501004393187e-19,1.0,-54.1648,0.0,16.619999999999997,0.0,True,16.619999999999997
6.5,9.0,3.5,3.0,12.5,1.5760560431717523e-19,1.8704796407883225e-19,1.0,-58.93,0.0,16.619999999999997,0.0,True,16.619999999999997
5.0,5.0,3.5,3.0,9.0,1.601689336379005e-19,1.6025411062277358e-19,1.0,-44.1,0.0,16.619999999999997,0.0,True,16.619999999999997
6.5,7.6,3.5,5.08,12.5,1.6163823905034195e-19,2.2215512163154237e-19,1.0,-59.61,0.0,16.619999999999997,0.0,True,16.619999999999997
6.5,7.6,3.5,7.0,10.92,1.6271515065970356e-19,3.1695450470000303e-19,1.0,-61.53,0.0,16.619999999999997,0.0,True,16.619999999999997
5.84,7.6,3.5,3.0,9.0,1.64526185062706e-19,2.0171596367797442e-19,1.0,-52.764799999999994,0.0,16.619999999999997,0.0,True,16.619999999999997
6.5,9.0,3.5,3.0,10.92,1.7169969243639618e-19,2.0125457784192883e-19,1.0,-58.93,0.0,16.619999999999997,0.0,True,16.619999999999997
5.84,5.0,3.5,5.08,12.5,1.7955922011240267e-19,1.8894143219975442e-19,1.0,-52.2448,0.0,16.619999999999997,0.0,True,16.619999999999997
6.5,7.6,3.5,5.08,10.92,1.8174285737609475e-19,2.443547881160874e-19,1.0,-59.61,0.0,16.619999999999997,0.0,True,16.619999999999997
6.5,9.0,3.5,5.08,9.0,1.8517537257485425e-19,3.205545562845472e-19,1.0,-61.01,0.0,16.619999999999997,0.0,True,16.619999999999997
6.5,9.0,3.5,7.0,9.0,1.899502015749827e-19,4.318141743832625e-19,1.0,-62.93,0.0,16.619999999999997,0.0,True,16.619999999999997
5.84,5.0,3.5,5.08,10.92,1.9507917373720897e-19,2.035655589146886e-19,1.0,-52.2448,0.0,16.619999999999997,0.0,True,16.619999999999997
5.84,5.0,3.5,7.0,9.0,1.955550998574596e-19,3.1666589621440445e-19,1.0,-54.1648,0.0,16.619999999999997,0.0,True,16.619999999999997
6.5,9.0,3.5,3.0,9.0,1.9795605620888012e-19,2.272832827690274e-19,1.0,-58.93,0.0,16.619999999999997,0.0,True,16.619999999999997
6.5,5.0,3.5,7.0,12.5,2.109258960157164e-19,2.393541323463834e-19,1.0,-58.93,0.0,16.619999999999997,0.0,True,16.619999999999997
6.5,7.6,3.5,3.0,12.5,2.1300459443271363e-19,1.709199002256545e-19,1.0,-57.53,0.0,16.619999999999997,0.0,True,16.619999999999997
6.5,7.6,3.5,7.0,9.0,2.1511063504636485e-19,3.8787966521963896e-19,1.0,-61.53,0.0,16.619999999999997,0.0,True,16.619999999999997
6.5,7.6,3.5,5.08,9.0,2.205437705671148e-19,2.8596810569626494e-19,1.0,-59.61,0.0,16.619999999999997,0.0,True,16.619999999999997
5.84,5.0,3.5,5.08,9.0,2.238967277930529e-19,2.304043870853806e-19,1.0,-52.2448,0.0,16.619999999999997,0.0,True,16.619999999999997
6.5,7.6,3.5,3.0,10.92,2.2707668148634523e-19,1.8172664011244474e-19,1.0,-57.53,0.0,16.619999999999997,0.0,True,16.619999999999997
6.5,5.0,3.5,7.0,10.92,2.3847307190291507e-19,2.6571527340684883e-19,1.0,-58.93,0.0,16.619999999999997,0.0,True,16.619999999999997
6.5,7.6,3.5,3.0,9.0,2.5264322832674823e-19,2.0127481791754224e-19,1.0,-57.53,0.0,16.619999999999997,0.0,True,16.619999999999997
6.5,5.0,3.5,5.08,12.5,2.7453288302734486e-19,1.8854455029561662e-19,1.0,-57.01,0.0,16.619999999999997,0.0,True,16.619999999999997
5.84,5.0,3.5,3.0,12.5,2.7478020679932394e-19,1.4425281542964384e-19,1.0,-50.1648,0.0,16.619999999999997,0.0,True,16.619999999999997
5.84,5.0,3.5,3.0,10.92,2.8428977562044045e-19,1.4989639733045465e-19,1.0,-50.1648,0.0,16.619999999999997,0.0,True,16.619999999999997
6.5,5.0,3.5,7.0,9.0,2.919263587343183e-19,3.1559396707576376e-19,1.0,-58.93,0.0,16.619999999999997,0.0,True,16.619999999999997
6.5,5.0,3.5,5.08,10.92,2.9570950157757224e-19,2.030784367756001e-19,1.0,-57.01,0.0,16.619999999999997,0.0,True,16.619999999999997
5.84,5.0,3.5,3.0,9.0,3.009820735866074e-19,1.5985259521473578e-19,1.0,-50.1648,0.0,16.619999999999997,0.0,True,16.619999999999997
6.5,5.0,3.5,5.08,9.0,3.3461577366794197e-19,2.29735979913998e-19,1.0,-57.01,0.0,16.619999999999997,0.0,True,16.619999999999997
6.5,5.0,3.5,3.0,12.5,4.0941886029680306e-19,1.4392331643368643e-19,1.0,-54.93,0.0,16.619999999999997,0.0,True,16.619999999999997
6.5,5.0,3.5,3.0,10.92,4.2204793723418444e-19,1.495295815028786e-19,1.0,-54.93,0.0,16.619999999999997,0.0,True,16.619999999999997
6.5,5.0,3.5,3.0,9.0,4.441124372367595e-19,1.5941641900032745e-19,1.0,-54.93,0.0,16.619999999999997,0.0,True,16.619999999999997
5.0,9.0,5.4,7.0,12.5,2.1791385805384043e-20,4.5419522929767816e-20,1.0,-52.1,0.0,18.52,0.0,True,18.52
5.0,9.0,5.4,5.08,12.5,2.4638420304756522e-20,3.199781147951743e-20,1.0,-50.18000000000001,0.0,18.52,0.0,True,18.52
5.0,9.0,5.4,7.0,10.92,2.67108781125523e-20,5.3090110921639824e-20,1.0,-52.1,0.0,18.52,0.0,True,18.52
5.0,7.6,5.4,7.0,12.5,2.7586950430744755e-20,4.0023236528161246e-20,1.0,-50.7,0.0,18.52,0.0,True,18.52
5.0,9.0,5.4,5.08,10.92,2.8143726993523905e-20,3.583579138906353e-20,1.0,-50.18,0.0,18.52,0.0,True,18.52
5.0,9.0,5.4,3.0,12.5,3.1800422274672697e-20,2.1432883385302216e-20,1.0,-48.1,0.0,18.52,0.0,True,18.52
5.0,7.6,5.4,7.0,10.92,3.2726043034674503e-20,4.6078045939065256e-20,1.0,-50.7,0.0,18.52,0.0,True,18.52
5.0,7.6,5.4,5.08,12.5,3.331634383827549e-20,2.800701399076999e-20,1.0,-48.78,0.0,18.52,0.0,True,18.52
5.0,9.0,5.4,3.0,10.92,3.38048222627629e-20,2.2774035175625125e-20,1.0,-48.1,0.0,18.52,0.0,True,18.52
5.0,9.0,5.4,5.08,9.0,3.506214971854057e-20,4.3219964862664786e-20,1.0,-50.18,0.0,18.52,0.0,True,18.52
5.0,7.6,5.4,5.08,10.92,3.692726105408865e-20,3.083377206381855e-20,1.0,-48.78,0.0,18.52,0.0,True,18.52
5.0,9.0,5.4,7.0,9.0,3.722704213251167e-20,6.852536254419041e-20,1.0,-52.1,0.0,18.52,0.0,True,18.52
5.0,9.0,5.4,3.0,9.0,3.7443011397189733e-20,2.5206642494585734e-20,1.0,-48.1,0.0,18.52,0.0,True,18.52
5.0,7.6,5.4,7.0,9.0,4.331276418763558e-20,5.807461082000487e-20,1.0,-50.7,0.0,18.52,0.0,True,18.52
5.0,7.6,5.4,5.08,9.0,4.380794245196724e-20,3.617003778781388e-20,1.0,-48.78,0.0,18.52,0.0,True,18.52
5.0,7.6,5.4,3.0,12.5,4.6841141056778165e-20,1.8611065373812317e-20,1.0,-46.7,0.0,18.52,0.0,True,18.52
5.0,5.0,5.4,7.0,12.5,4.72612534883142e-20,3.14253007136413e-20,1.0,-48.1,0.0,18.52,0.0,True,18.52
5.84,9.0,5.4,7.0,12.5,4.8343824499405844e-20,4.512902420722258e-20,1.0,-58.1648,0.0,18.52,0.0,True,18.52
5.0,7.6,5.4,3.0,10.92,4.859541584479911e-20,1.9397118792491407e-20,1.0,-46.7,0.0,18.52,0.0,True,18.52
5.0,7.6,5.4,3.0,9.0,5.1688483262030696e-20,2.0791318790252464e-20,1.0,-46.7,0.0,18.52,0.0,True,18.52
5.0,5.0,5.4,7.0,10.92,5.2941557684678396e-20,3.510861481230489e-20,1.0,-48.1,0.0,18.52,0.0,True,18.52
5.84,9.0,5.4,5.08,12.5,5.534967189489563e-20,3.1823598679901953e-20,1.0,-56.2448,0.0,18.52,0.0,True,18.52
5.84,9.0,5.4,7.0,10.92,5.764283546494926e-20,5.267376442371289e-20,1.0,-58.1648,0.0,18.52,0.0,True,18.52
5.84,7.6,5.4,7.0,12.5,6.049001132819596e-20,3.9758547617873514e-20,1.0,-56.7648,0.0,18.52,0.0,True,18.52
5.84,9.0,5.4,5.08,10.92,6.20283031190482e-20,3.560470749895433e-20,1.0,-56.2448,0.0,18.52,0.0,True,18.52
5.0,5.0,5.4,7.0,9.0,6.389334336876239e-20,4.2174499041277257e-20,1.0,-48.1,0.0,18.52,0.0,True,18.52
5.0,5.0,5.4,5.08,12.5,6.567565586369847e-20,2.1699125278722403e-20,1.0,-46.18,0.0,18.52,0.0,True,18.52
5.0,5.0,5.4,5.08,10.92,6.930718877913367e-20,2.3097215610301874e-20,1.0,-46.18,0.0,18.52,0.0,True,18.52
5.84,7.6,5.4,7.0,10.92,7.006903020123068e-20,4.571417451904072e-20,1.0,-56.7648,0.0,18.52,0.0,True,18.52
5.84,9.0,5.4,3.0,12.5,7.13602995271043e-20,2.132495529851287e-20,1.0,-54.1648,0.0,18.52,0.0,True,18.52
5.84,7.6,5.4,5.08,12.5,7.334781420626462e-20,2.7839549498612785e-20,1.0,-54.8448,0.0,18.52,0.0,True,18.52
5.84,9.0,5.4,5.08,9.0,7.490449057090699e-20,4.286448157103942e-20,1.0,-56.2448,0.0,18.52,0.0,True,18.52
5.84,9.0,5.4,3.0,10.92,7.5169490481718e-20,2.2645988586154197e-20,1.0,-54.1648,0.0,18.52,0.0,True,18.52
5.0,5.0,5.4,5.08,9.0,7.583710763099212e-20,2.5637317634803163e-20,1.0,-46.18,0.0,18.52,0.0,True,18.52
5.84,9.0,5.4,7.0,9.0,7.68765553903059e-20,6.781742034005433e-20,1.0,-58.1648,0.0,18.52,0.0,True,18.52
5.84,7.6,5.4,5.08,10.92,8.008234393745631e-20,3.0622427417311254e-20,1.0,-54.8448,0.0,18.52,0.0,True,18.52
6.5,9.0,5.4,7.0,12.5,8.013467280472309e-20,4.485546249239551e-20,1.0,-62.93,0.0,18.52,0.0,True,18.52
5.84,9.0,5.4,3.0,9.0,8.20032172629307e-20,2.5038915065622486e-20,1.0,-54.1648,0.0,18.52,0.0,True,18.52
5.84,7.6,5.4,7.0,9.0,8.924200405035295e-20,5.748683760247486e-20,1.0,-56.764799999999994,0.0,18.52,0.0,True,18.52
6.5,9.0,5.4,5.08,12.5,9.210509910142346e-20,3.1648385831850597e-20,1.0,-61.010000000000005,0.0,18.52,0.0,True,18.52
5.84,7.6,5.4,5.08,9.0,9.267701856240858e-20,3.586646331080048e-20,1.0,-54.8448,0.0,18.52,0.0,True,18.52
6.5,9.0,5.4,7.0,10.92,9.394927889006483e-20,5.2302565508242584e-20,1.0,-62.93,0.0,18.52,0.0,True,18.52
6.5,7.6,5.4,7.0,12.5,9.92955022853599e-20,3.951092415448109e-20,1.0,-61.53,0.0,18.52,0.0,True,18.52
5.84,5.0,5.4,7.0,12.5,9.998881211682432e-20,3.118990078250391e-20,1.0,-54.1648,0.0,18.52,0.0,True,18.52
5.84,7.6,5.4,3.0,12.5,1.0170798423539361e-19,1.8500524882627466e-20,1.0,-52.7648,0.0,18.52,0.0,True,18.52
6.5,9.0,5.4,5.08,10.92,1.0203897603386273e-19,3.5382450369151156e-20,1.0,-61.01,0.0,18.52,0.0,True,18.52
5.84,7.6,5.4,3.0,10.92,1.0494007777225806e-19,1.9271739133481752e-20,1.0,-52.7648,0.0,18.52,0.0,True,18.52
5.84,5.0,5.4,7.0,10.92,1.1017333446838995e-19,3.480955024677576e-20,1.0,-54.1648,0.0,18.52,0.0,True,18.52
5.0,5.0,5.4,3.0,12.5,1.1028615414912394e-19,1.418588981913657e-20,1.0,-44.1,0.0,18.52,0.0,True,18.52
5.0,5.0,5.4,3.0,10.92,1.1049714982881032e-19,1.423281697082118e-20,1.0,-44.1,0.0,18.52,0.0,True,18.52
5.84,7.6,5.4,3.0,9.0,1.105973889325327e-19,2.0638138511739568e-20,1.0,-52.764799999999994,0.0,18.52,0.0,True,18.52
5.0,5.0,5.4,3.0,9.0,1.1085373575865457e-19,1.4312359191668034e-20,1.0,-44.1,0.0,18.52,0.0,True,18.52
6.5,7.6,5.4,7.0,10.92,1.1336821618679945e-19,4.538869268049174e-20,1.0,-61.53,0.0,18.52,0.0,True,18.52
6.5,9.0,5.4,3.0,12.5,1.181143248944487e-19,2.1213217657261804e-20,1.0,-58.93,0.0,18.52,0.0,True,18.52
6.5,7.6,5.4,5.08,12.5,1.202156399157333e-19,2.767671851035558e-20,1.0,-59.61,0.0,18.52,0.0,True,18.52
6.5,9.0,5.4,5.08,9.0,1.2092157879182335e-19,4.2542583912546984e-20,1.0,-61.01,0.0,18.52,0.0,True,18.52
6.5,9.0,5.4,7.0,9.0,1.2195050100095982e-19,6.722792975340098e-20,1.0,-62.93,0.0,18.52,0.0,True,18.52
6.5,9.0,5.4,3.0,10.92,1.237460419233482e-19,2.251608366758251e-20,1.0,-58.93,0.0,18.52,0.0,True,18.52
5.84,5.0,5.4,7.0,9.0,1.2941244883918666e-19,4.1740303536695076e-20,1.0,-54.1648,0.0,18.52,0.0,True,18.52
6.5,7.6,5.4,5.08,10.92,1.3007464407803944e-19,3.042304619353043e-20,1.0,-59.61,0.0,18.52,0.0,True,18.52
6.5,9.0,5.4,3.0,9.0,1.3377893172887522e-19,2.4873879204824302e-20,1.0,-58.93,0.0,18.52,0.0,True,18.52
5.84,5.0,5.4,5.08,12.5,1.3670483111418867e-19,2.1536863381033113e-20,1.0,-52.2448,0.0,18.52,0.0,True,18.52
6.5,7.6,5.4,7.0,9.0,1.4104527073927889e-19,5.699123363093342e-20,1.0,-61.53,0.0,18.52,0.0,True,18.52
5.84,5.0,5.4,5.08,10.92,1.4310640449295643e-19,2.290798310099938e-20,1.0,-52.2448,0.0,18.52,0.0,True,18.52
6.5,7.6,5.4,5.08,9.0,1.48305787173652e-19,3.559221658702864e-20,1.0,-59.61,0.0,18.52,0.0,True,18.52
5.84,5.0,5.4,5.08,9.0,1.54498158174452e-19,2.5395764336169556e-20,1.0,-52.2448,0.0,18.52,0.0,True,18.52
6.5,5.0,5.4,7.0,12.5,1.5976910490283047e-19,3.097798906491261e-20,1.0,-58.93,0.0,18.52,0.0,True,18.52
6.5,7.6,5.4,3.0,12.5,1.6451854656673695e-19,1.839365177423655e-20,1.0,-57.53,0.0,18.52,0.0,True,18.52
6.5,7.6,5.4,3.0,10.92,1.6919415266745026e-19,1.9151525718229502e-20,1.0,-57.53,0.0,18.52,0.0,True,18.52
6.5,5.0,5.4,7.0,10.92,1.7430548908052295e-19,3.45470956934942e-20,1.0,-58.93,0.0,18.52,0.0,True,18.52
6.5,7.6,5.4,3.0,9.0,1.7734207880272792e-19,2.049321347958408e-20,1.0,-57.53,0.0,18.52,0.0,True,18.52
6.5,5.0,5.4,7.0,9.0,2.0142920665523129e-19,4.1373068464257777e-20,1.0,-58.93,0.0,18.52,0.0,True,18.52
6.5,5.0,5.4,5.08,12.5,2.1537450889294353e-19,2.139166814192948e-20,1.0,-57.01,0.0,18.52,0.0,True,18.52
5.84,5.0,5.4,3.0,12.5,2.200132085211702e-19,1.407142829797776e-20,1.0,-50.1648,0.0,18.52,0.0,True,18.52
5.84,5.0,5.4,3.0,10.92,2.2041400660852055e-19,1.4110792482391838e-20,1.0,-50.1648,0.0,18.52,0.0,True,18.52
5.84,5.0,5.4,3.0,9.0,2.2109109917633495e-19,1.4177527944028324e-20,1.0,-50.1648,0.0,18.52,0.0,True,18.52
6.5,5.0,5.4,5.08,10.92,2.2438050566677424e-19,2.2740466506157104e-20,1.0,-57.01,0.0,18.52,0.0,True,18.52
6.5,5.0,5.4,5.08,9.0,2.4030683115454283e-19,2.5185531213610376e-20,1.0,-57.01,0.0,18.52,0.0,True,18.52
6.5,5.0,5.4,3.0,12.5,3.362523052734384e-19,1.3973460709765645e-20,1.0,-54.93,0.0,18.52,0.0,True,18.52
6.5,5.0,5.4,3.0,10.92,3.368383045762954e-19,1.400622037397637e-20,1.0,-54.93,0.0,18.52,0.0,True,18.52
6.5,5.0,5.4,3.0,9.0,3.378272506973908e-19,1.40617666830203e-20,1.0,-54.93,0.0,18.52,0.0,True,18.52
5.0,9.0,7.0,7.0,12.5,1.4789072102852867e-20,9.031867372554127e-21,1.0,-52.1,0.0,20.119999999999997,0.0,True,20.119999999999997
5.0,9.0,7.0,5.08,12.5,1.71103941449599e-20,5.6998802656655704e-21,1.0,-50.18000000000001,0.0,20.119999999999997,0.0,True,20.119999999999997
5.0,9.0,7.0,7.0,10.92,1.731427881787645e-20,1.0497728151277734e-20,1.0,-52.1,0.0,20.119999999999997,0.0,True,20.119999999999997
5.0,9.0,7.0,5.08,10.92,1.8637522228716943e-20,6.251592164728359e-21,1.0,-50.18,0.0,20.119999999999997,0.0,True,20.119999999999997
5.0,7.6,7.0,7.0,12.5,1.915451172714972e-20,7.646875413662691e-21,1.0,-50.7,0.0,20.119999999999997,0.0,True,20.119999999999997
5.0,9.0,7.0,5.08,9.0,2.14901708933797e-20,7.290409441163136e-21,1.0,-50.18,0.0,20.119999999999997,0.0,True,20.119999999999997
5.0,7.6,7.0,7.0,10.92,2.1717416552355552e-20,8.707742021352443e-21,1.0,-50.7,0.0,20.119999999999997,0.0,True,20.119999999999997
5.0,9.0,7.0,7.0,9.0,2.2445885598821307e-20,1.344322582021565e-20,1.0,-52.1,0.0,20.119999999999997,0.0,True,20.119999999999997
5.0,9.0,7.0,3.0,12.5,2.291032974131136e-20,3.342410572153844e-21,1.0,-48.1,0.0,20.119999999999997,0.0,True,20.119999999999997
5.0,9.0,7.0,3.0,10.92,2.325373571131731e-20,3.40848081578795e-21,1.0,-48.1,0.0,20.119999999999997,0.0,True,20.119999999999997
5.0,7.6,7.0,5.08,12.5,2.3816203179775596e-20,4.772375933014037e-21,1.0,-48.78,0.0,20.119999999999997,0.0,True,20.119999999999997
5.0,9.0,7.0,3.0,9.0,2.3843507814028732e-20,3.522761290213567e-21,1.0,-48.1,0.0,20.119999999999997,0.0,True,20.119999999999997
5.0,7.6,7.0,5.08,10.92,2.5228528853488578e-20,5.112591118430549e-21,1.0,-48.78,0.0,20.119999999999997,0.0,True,20.119999999999997
5.0,7.6,7.0,7.0,9.0,2.673408723342102e-20,1.0791636166572265e-20,1.0,-50.7,0.0,20.119999999999997,0.0,True,20.119999999999997
5.0,7.6,7.0,5.08,9.0,2.778019969355889e-20,5.735955619546022e-21,1.0,-48.78,0.0,20.119999999999997,0.0,True,20.119999999999997
5.0,7.6,7.0,3.0,9.0,3.4438001556690965e-20,2.7032906128731605e-21,1.0,-46.7,0.0,20.119999999999997,0.0,True,20.119999999999997
5.0,5.0,7.0,7.0,12.5,3.4530827538849467e-20,5.548072024526133e-21,1.0,-48.1,0.0,20.119999999999997,0.0,True,20.119999999999997
5.84,9.0,7.0,7.0,12.5,3.468823904006603e-20,8.91898528976709e-21,1.0,-58.1648,0.0,20.119999999999997,0.0,True,20.119999999999997
5.0,7.6,7.0,3.0,10.92,3.476039116146567e-20,2.7389960477870484e-21,1.0,-46.7,0.0,20.119999999999997,0.0,True,20.119999999999997
5.0,7.6,7.0,3.0,12.5,3.4952826168364325e-20,2.7603059954927778e-21,1.0,-46.7,0.0,20.119999999999997,0.0,True,20.119999999999997
5.0,5.0,7.0,7.0,10.92,3.7097089150222746e-20,6.064296542451011e-21,1.0,-48.1,0.0,20.119999999999997,0.0,True,20.119999999999997
5.84,9.0,7.0,7.0,10.92,3.9715823416117723e-20,1.0346404788226855e-20,1.0,-58.1648,0.0,20.119999999999997,0.0,True,20.119999999999997
5.84,9.0,7.0,5.08,12.5,4.063707885968375e-20,5.633918064421043e-21,1.0,-56.2448,0.0,20.119999999999997,0.0,True,20.119999999999997
5.0,5.0,7.0,7.0,9.0,4.1809129164186036e-20,7.03217197419782e-21,1.0,-48.1,0.0,20.119999999999997,0.0,True,20.119999999999997
5.84,9.0,7.0,5.08,10.92,4.3711040343469924e-20,6.170452128206086e-21,1.0,-56.2448,0.0,20.119999999999997,0.0,True,20.119999999999997
5.84,7.6,7.0,7.0,12.5,4.4326598428528624e-20,7.546745160123468e-21,1.0,-56.7648,0.0,20.119999999999997,0.0,True,20.119999999999997
5.84,7.6,7.0,7.0,10.92,4.9355514048378647e-20,8.578374891347949e-21,1.0,-56.7648,0.0,20.119999999999997,0.0,True,20.119999999999997
5.84,9.0,7.0,5.08,9.0,4.936138266864251e-20,7.178082514504983e-21,1.0,-56.2448,0.0,20.119999999999997,0.0,True,20.119999999999997
5.84,9.0,7.0,7.0,9.0,4.965644865601526e-20,1.3205207426231e-20,1.0,-58.1648,0.0,20.119999999999997,0.0,True,20.119999999999997
5.0,5.0,7.0,5.08,12.5,4.993034156620478e-20,3.38510165437339e-21,1.0,-46.18,0.0,20.119999999999997,0.0,True,20.119999999999997
5.0,5.0,7.0,5.08,10.92,5.067704574465078e-20,3.459862343149096e-21,1.0,-46.18,0.0,20.119999999999997,0.0,True,20.119999999999997
5.0,5.0,7.0,5.08,9.0,5.1958137679374447e-20,3.5895150281795056e-21,1.0,-46.18,0.0,20.119999999999997,0.0,True,20.119999999999997
5.84,9.0,7.0,3.0,12.5,5.419250922583216e-20,3.304376116925156e-21,1.0,-54.1648,0.0,20.119999999999997,0.0,True,20.119999999999997
5.84,9.0,7.0,3.0,10.92,5.489807651688142e-20,3.3663263104452484e-21,1.0,-54.1648,0.0,20.119999999999997,0.0,True,20.119999999999997
5.84,7.6,7.0,5.08,12.5,5.525029955367059e-20,4.712222878232008e-21,1.0,-54.8448,0.0,20.119999999999997,0.0,True,20.119999999999997
5.84,9.0,7.0,3.0,9.0,5.610575536444744e-20,3.4733174576711334e-21,1.0,-54.1648,0.0,20.119999999999997,0.0,True,20.119999999999997
5.84,7.6,7.0,5.08,10.92,5.803144152399369e-20,5.041361497284357e-21,1.0,-54.8448,0.0,20.119999999999997,0.0,True,20.119999999999997
5.84,7.6,7.0,7.0,9.0,5.897931780455844e-20,1.0598706184165466e-20,1.0,-56.764799999999994,0.0,20.119999999999997,0.0,True,20.119999999999997
6.5,9.0,7.0,7.0,12.5,5.946755308318219e-20,8.819065668400449e-21,1.0,-62.93,0.0,20.119999999999997,0.0,True,20.119999999999997
5.84,7.6,7.0,5.08,9.0,6.30000254657092e-20,5.6430401742499805e-21,1.0,-54.8448,0.0,20.119999999999997,0.0,True,20.119999999999997
6.5,9.0,7.0,7.0,10.92,6.717726332529498e-20,1.0215908968660946e-20,1.0,-62.93,0.0,20.119999999999997,0.0,True,20.119999999999997
6.5,9.0,7.0,5.08,12.5,6.98965646591005e-20,5.573819535704784e-21,1.0,-61.010000000000005,0.0,20.119999999999997,0.0,True,20.119999999999997
6.5,9.0,7.0,5.08,10.92,7.46228598061397e-20,6.097598034196764e-21,1.0,-61.01,0.0,20.119999999999997,0.0,True,20.119999999999997
6.5,7.6,7.0,7.0,12.5,7.515521353821579e-20,7.45906785221229e-21,1.0,-61.53,0.0,20.119999999999997,0.0,True,20.119999999999997
5.84,5.0,7.0,7.0,12.5,7.668490636654789e-20,5.465547833726897e-21,1.0,-54.1648,0.0,20.119999999999997,0.0,True,20.119999999999997
5.84,7.6,7.0,3.0,9.0,7.870753583206337e-20,2.6610352343087863e-21,1.0,-52.764799999999994,0.0,20.119999999999997,0.0,True,20.119999999999997
5.84,7.6,7.0,3.0,10.92,7.92708280577535e-20,2.700889042598629e-21,1.0,-52.7648,0.0,20.119999999999997,0.0,True,20.119999999999997
5.84,7.6,7.0,3.0,12.5,7.960668923584418e-20,2.724728343423761e-21,1.0,-52.7648,0.0,20.119999999999997,0.0,True,20.119999999999997
5.0,5.0,7.0,3.0,9.0,8.128269125060872e-20,1.6055356575649233e-21,1.0,-44.1,0.0,20.119999999999997,0.0,True,20.119999999999997
5.84,5.0,7.0,7.0,10.92,8.151716948928623e-20,5.964500715448504e-21,1.0,-54.1648,0.0,20.119999999999997,0.0,True,20.119999999999997
6.5,9.0,7.0,7.0,9.0,8.217004602155072e-20,1.3007504797482291e-20,1.0,-62.93,0.0,20.119999999999997,0.0,True,20.119999999999997
6.5,7.6,7.0,7.0,10.92,8.277720628468744e-20,8.467295197957161e-21,1.0,-61.53,0.0,20.119999999999997,0.0,True,20.119999999999997
6.5,9.0,7.0,5.08,9.0,8.322683226198543e-20,7.079484241465474e-21,1.0,-61.01,0.0,20.119999999999997,0.0,True,20.119999999999997
5.0,5.0,7.0,3.0,10.92,8.568636334053236e-20,1.786925400100131e-21,1.0,-44.1,0.0,20.119999999999997,0.0,True,20.119999999999997
5.0,5.0,7.0,3.0,12.5,8.840008282079029e-20,1.9025187410204273e-21,1.0,-44.1,0.0,20.119999999999997,0.0,True,20.119999999999997
5.84,5.0,7.0,7.0,9.0,9.026910064602812e-20,6.897599018551141e-21,1.0,-54.1648,0.0,20.119999999999997,0.0,True,20.119999999999997
6.5,9.0,7.0,3.0,12.5,9.251074879693689e-20,3.2696515958370306e-21,1.0,-58.93,0.0,20.119999999999997,0.0,True,20.119999999999997
6.5,7.6,7.0,5.08,12.5,9.339999380482554e-20,4.658877402761224e-21,1.0,-59.61,0.0,20.119999999999997,0.0,True,20.119999999999997
6.5,9.0,7.0,3.0,10.92,9.360512167204162e-20,3.327861301245378e-21,1.0,-58.93,0.0,20.119999999999997,0.0,True,20.119999999999997
6.5,9.0,7.0,3.0,9.0,9.547396178269472e-20,3.428242778583921e-21,1.0,-58.93,0.0,20.119999999999997,0.0,True,20.119999999999997
6.5,7.6,7.0,7.0,9.0,9.71660388894415e-20,1.0437864185618476e-20,1.0,-61.53,0.0,20.119999999999997,0.0,True,20.119999999999997
6.5,7.6,7.0,5.08,10.92,9.760684860774984e-20,4.9787273045614525e-21,1.0,-59.61,0.0,20.119999999999997,0.0,True,20.119999999999997
6.5,7.6,7.0,5.08,9.0,1.0507170288723056e-19,5.562423083088109e-21,1.0,-59.61,0.0,20.119999999999997,0.0,True,20.119999999999997
5.84,5.0,7.0,5.08,12.5,1.0862339833327018e-19,3.3336235956809937e-21,1.0,-52.2448,0.0,20.119999999999997,0.0,True,20.119999999999997
5.84,5.0,7.0,5.08,10.92,1.100298040918278e-19,3.402664197234957e-21,1.0,-52.2448,0.0,20.119999999999997,0.0,True,20.119999999999997
5.84,5.0,7.0,5.08,9.0,1.1243412894242248e-19,3.522144943721987e-21,1.0,-52.2448,0.0,20.119999999999997,0.0,True,20.119999999999997
6.5,5.0,7.0,7.0,12.5,1.2610732591710886e-19,5.395864632390428e-21,1.0,-58.93,0.0,20.119999999999997,0.0,True,20.119999999999997
6.5,7.6,7.0,3.0,9.0,1.3116383899638004e-19,2.6238963192232542e-21,1.0,-57.53,0.0,20.119999999999997,0.0,True,20.119999999999997
6.5,7.6,7.0,3.0,10.92,1.3194367644356148e-19,2.667532721864519e-21,1.0,-57.53,0.0,20.119999999999997,0.0,True,20.119999999999997
6.5,7.6,7.0,3.0,12.5,1.3240813027957433e-19,2.6936616630680625e-21,1.0,-57.53,0.0,20.119999999999997,0.0,True,20.119999999999997
6.5,5.0,7.0,7.0,10.92,1.33210739427408e-19,5.8810250448016016e-21,1.0,-58.93,0.0,20.119999999999997,0.0,True,20.119999999999997
6.5,5.0,7.0,7.0,9.0,1.4597075000846857e-19,6.786720667706915e-21,1.0,-58.93,0.0,20.119999999999997,0.0,True,20.119999999999997
5.84,5.0,7.0,3.0,9.0,1.7072060462799177e-19,1.5739996491468288e-21,1.0,-50.1648,0.0,20.119999999999997,0.0,True,20.119999999999997
6.5,5.0,7.0,5.08,12.5,1.7562151081687494e-19,3.290724607592155e-21,1.0,-57.01,0.0,20.119999999999997,0.0,True,20.119999999999997
6.5,5.0,7.0,5.08,10.92,1.7768140379963365e-19,3.3550581960315225e-21,1.0,-57.01,0.0,20.119999999999997,0.0,True,20.119999999999997
5.84,5.0,7.0,3.0,10.92,1.7831590625942438e-19,1.7556553577139535e-21,1.0,-50.1648,0.0,20.119999999999997,0.0,True,20.119999999999997
6.5,5.0,7.0,5.08,9.0,1.8119498592959762e-19,3.4662005943979446e-21,1.0,-57.01,0.0,20.119999999999997,0.0,True,20.119999999999997
5.84,5.0,7.0,3.0,12.5,1.8296840623294876e-19,1.8716078133618554e-21,1.0,-50.1648,0.0,20.119999999999997,0.0,True,20.119999999999997
6.5,5.0,7.0,3.0,9.0,2.6881540740220406e-19,1.5484262174818547e-21,1.0,-54.93,0.0,20.119999999999997,0.0,True,20.119999999999997
6.5,5.0,7.0,3.0,10.92,2.7929077744313586e-19,1.7304551771640066e-21,1.0,-54.93,0.0,20.119999999999997,0.0,True,20.119999999999997
6.5,5.0,7.0,3.0,12.5,2.8568499666927013e-19,1.8467900220916617e-21,1.0,-54.93,0.0,20.119999999999997,0.0,True,20.119999999999997
5.0,9.0,3.5,7.0,12.5,1.0028726324875208,2.221246137928737e-21,0.07470676436694612,35.58457250369774,0.0,7.2558757778417915,0.0,True,35.58457250369774
5.0,9.0,5.4,7.0,12.5,1.0028726324875208,2.7113745691290523e-22,0.07470676436694612,35.58457250369774,0.0,7.26647986906193,0.0,True,35.58457250369774
5.0,9.0,7.0,7.0,12.5,1.0028726324875208,2.249972783893677e-23,0.07470676436694612,35.58457250369774,0.0,7.275409630089416,0.0,True,35.58457250369774
5.0,5.0,3.5,5.08,9.0,1.006923649033829,1.5124005933928684e-22,0.14607490209158902,36.27500647629779,0.0,7.263395444919666,0.0,True,36.27500647629779
5.0,5.0,7.0,5.08,9.0,1.006923649033829,1.239886972947452e-17,0.14607490209158902,36.27500647629779,0.0,7.338078014493401,0.0,True,36.27500647629779
5.0,5.0,3.5,7.0,10.92,1.0055878938205844,4.1001641927706436e-22,0.12028693993718576,36.29685593089205,0.0,7.255080296356745,0.0,True,36.29685593089205
5.0,5.0,5.4,7.0,10.92,1.0055878938205844,1.2776097567487539e-23,0.12028693993718576,36.29685593089205,0.0,7.282571297403703,0.0,True,36.29685593089205
5.0,5.0,7.0,7.0,10.92,1.0055878938205844,3.7412984540621254e-17,0.12028693993718576,36.29685593089205,0.0,7.305721614074825,0.0,True,36.29685593089205
5.0,9.0,3.5,5.08,10.92,1.0057454798261456,5.716929569311314e-22,0.1126007660781011,36.848497184862154,0.0,7.2469610382090766,0.0,True,36.848497184862154
5.0,9.0,5.4,5.08,10.92,1.0057454798261456,2.6416258741936487e-23,0.1126007660781011,36.848497184862154,0.0,7.27105100999969,0.0,True,36.848497184862154
5.0,9.0,7.0,5.08,10.92,1.0057454798261456,3.0729787880485805e-17,0.1126007660781011,36.848497184862154,0.0,7.29133730203389,0.0,True,36.848497184862154
5.0,5.0,3.5,7.0,10.92,1.082734781203962,0.47804348506475863,0.05337461049189485,37.126100472932464,0.0,-7.953155512132617,0.0,True,37.126100472932464
5.0,9.0,3.5,3.0,9.0,1.0089001589104083,1.1281229068503018e-22,0.1517670577921275,37.46622448686324,0.0,7.2460210851088105,0.0,True,37.46622448686324
5.0,9.0,5.4,3.0,9.0,1.0089001589104083,8.187488296970296e-18,0.1517670577921275,37.46622448686324,0.0,7.28978424078748,0.0,True,37.46622448686324
5.0,9.0,7.0,3.0,9.0,1.0089001589104083,1.0587237585081947e-17,0.1517670577921275,37.46622448686324,0.0,7.326637424516886,0.0,True,37.46622448686324
5.0,7.6,3.5,7.0,12.5,1.0828084543668535,0.4779043874759451,0.05093226439429155,37.507748760114495,0.0,-7.940404173982286,0.0,True,37.507748760114495
5.0,7.6,3.5,7.0,12.5,1.0071751015770842,3.496491698266066e-22,0.12355694395539629,37.57505235490875,0.0,7.23918225576325,0.0,True,37.57505235490875
5.0,7.6,5.4,7.0,12.5,1.0071751015770842,1.2436000501369809e-23,0.12355694395539629,37.57505235490875,0.0,7.268188260722485,0.0,True,37.57505235490875
5.0,7.6,7.0,7.0,12.5,1.0071751015770842,3.789900939877781e-17,0.12355694395539629,37.57505235490875,0.0,7.2926143701618376,0.0,True,37.57505235490875
5.0,7.6,3.5,5.08,10.92,1.0115237297471071,4.345312658715479e-23,0.16796330843658358,38.4300256845002,0.0,7.233136358760603,0.0,True,38.4300256845002
5.0,7.6,5.4,5.08,10.92,1.0115237297471071,3.791358845707406e-17,0.16796330843658358,38.4300256845002,0.0,7.28673853742443,0.0,True,38.4300256845002
5.0,7.6,7.0,5.08,10.92,1.0115237297471071,5.5813630811945885e-18,0.16796330843658358,38.4300256845002,0.0,7.331877214193972,0.0,True,38.4300256845002
5.0,5.0,3.5,5.08,9.0,1.084740620358786,0.47789685551421174,0.09780548197634031,38.53718919736977,0.0,-7.961295136081012,0.0,True,38.53718919736977
5.0,7.6,3.5,3.0,9.0,1.016447917295949,8.866701171818448e-25,0.2193854104097941,38.705576884537486,0.0,7.244431597887012,0.0,True,38.705576884537486
5.0,7.6,5.4,3.0,9.0,1.016447917295949,6.964643829580851e-18,0.2193854104097941,38.705576884537486,0.0,7.335878518658292,0.0,True,38.705576884537486
5.0,7.6,7.0,3.0,9.0,1.016447917295949,5.067578195161529e-20,0.2193854104097941,38.705576884537486,0.0,7.412886451939371,0.0,True,38.705576884537486
5.0,5.0,3.5,3.0,9.0,1.0316081871667557,1.6152294041270971e-18,0.3496461127708732,39.03354064930178,0.0,7.3222230214127775,0.0,True,39.03354064930178
5.0,5.0,5.4,3.0,9.0,1.0316081871667557,3.294062811352117e-23,0.3496461127708732,39.03354064930178,0.0,7.554502589346764,0.0,True,39.03354064930178
5.0,5.0,7.0,3.0,9.0,1.0316081871667557,1.0315199312528049e-22,0.3496461127708732,39.03354064930178,0.0,7.750106436028015,0.0,True,39.03354064930178
5.0,5.0,5.4,7.0,10.92,1.0849074826739342,0.4784610802878064,0.08923669342975826,39.1231126658991,0.0,-7.976838729652804,0.0,True,39.1231126658991
5.0,9.0,5.4,5.08,10.92,1.0846712616160756,0.4781054938822749,0.0808952140276542,39.408675472647914,0.0,-7.966580779195516,0.0,True,39.408675472647914
5.0,5.0,3.5,7.0,12.5,1.0175660367558121,8.02185308252067e-25,0.2130651142392126,39.51563954307988,0.0,7.221560861090444,0.0,True,39.51563954307988
5.0,5.0,5.4,7.0,12.5,1.0175660367558121,9.41432815011595e-18,0.2130651142392126,39.51563954307988,0.0,7.307814672611404,0.0,True,39.51563954307988
5.0,5.0,7.0,7.0,12.5,1.0175660367558121,1.8785953973525901e-19,0.2130651142392126,39.51563954307988,0.0,7.380449461260635,0.0,True,39.51563954307988
5.0,7.6,5.4,7.0,12.5,1.0848324147179758,0.4780171951671382,0.0819039676224691,39.55083964858714,0.0,-7.966203755788507,0.0,True,39.55083964858714
5.0,5.0,3.5,5.08,10.92,1.024078101571314,2.435342787151746e-17,0.2720312671672406,39.586830349619184,0.0,7.243898181118396,0.0,True,39.586830349619184
5.0,5.0,5.4,5.08,10.92,1.024078101571314,2.4521024635024494e-19,0.2720312671672406,39.586830349619184,0.0,7.384500100719963,0.0,True,39.586830349619184
5.0,5.0,7.0,5.08,10.92,1.024078101571314,4.123546641368596e-24,0.2720312671672406,39.586830349619184,0.0,7.502901717226546,0.0,True,39.586830349619184
5.0,9.0,3.5,3.0,9.0,1.0858152443115,0.4773081277063015,0.10610223165182397,39.654878746078545,0.0,-7.944737329218971,0.0,True,39.654878746078545
5.0,5.0,3.5,3.0,10.92,1.051040186799128,6.0577827697769684e-18,0.4436107959279211,40.04914518002846,0.0,7.3463568594628486,0.0,True,40.04914518002846
5.0,5.0,5.4,3.0,10.92,1.051040186799128,3.567406298853811e-21,0.4436107959279211,40.04914518002846,0.0,7.720258882164075,0.0,True,40.04914518002846
5.0,5.0,7.0,3.0,10.92,1.051040186799128,1.4849614081964606e-18,0.4436107959279211,40.04914518002846,0.0,8.035123743386162,0.0,True,40.04914518002846
5.0,7.6,3.5,5.08,10.92,1.0865702131208828,0.47697038643549633,0.11284023355022299,40.13658766944643,0.0,-7.932795008247486,0.0,True,40.13658766944643
5.0,5.0,3.5,3.0,12.5,1.0651886212770316,4.3823626944205414e-23,0.5007642084848521,40.4329656570379,0.0,7.36011000019444,0.0,True,40.4329656570379
5.0,5.0,5.4,3.0,12.5,1.0651886212770316,8.67647328557236e-19,0.5007642084848521,40.4329656570379,0.0,7.836563105943415,0.0,True,40.4329656570379
5.0,5.0,7.0,3.0,12.5,1.0651886212770316,1.74780513056918e-17,0.5007642084848521,40.4329656570379,0.0,8.23778677394255,0.0,True,40.4329656570379
5.0,5.0,5.4,5.08,9.0,1.0886588797767445,0.47959455844355536,0.1398231835824224,40.632024305280446,0.0,-7.987972486838041,0.0,True,40.632024305280446
5.0,9.0,3.5,5.08,12.5,1.0189500796650348,9.811595004676924e-25,0.20427809941943464,40.65099038509759,0.0,7.192236697289579,0.0,True,40.65099038509759
5.0,9.0,5.4,5.08,12.5,1.0189500796650348,1.0777198785574137e-17,0.20427809941943464,40.65099038509759,0.0,7.271522826904171,0.0,True,40.65099038509759
5.0,9.0,7.0,5.08,12.5,1.0189500796650348,2.6306575897487893e-19,0.20427809941943464,40.65099038509759,0.0,7.338290093948037,0.0,True,40.65099038509759
5.84,9.0,3.5,7.0,12.5,1.0025042504381836,9.955140318418927e-22,0.07538640962510568,40.8474546303746,0.0,7.260554470588822,0.0,True,40.8474546303746
5.84,9.0,5.4,7.0,12.5,1.0025042504381836,9.06889279895439e-23,0.07538640962510568,40.8474546303746,0.0,7.271352381025534,0.0,True,40.8474546303746
5.84,9.0,7.0,7.0,12.5,1.0025042504381836,3.7665031913291985e-24,0.07538640962510568,40.8474546303746,0.0,7.280445358235396,0.0,True,40.8474546303746
5.0,5.0,7.0,7.0,10.92,1.0877781859757554,0.47985805251396746,0.1182109089773612,40.89004130496958,0.0,-7.9812416823635655,0.0,True,40.89004130496958
5.0,5.0,3.5,5.08,12.5,1.0389268267426661,2.3660508482226866e-19,0.34547066791616476,41.0233891062649,0.0,7.223416573111866,0.0,True,41.0233891062649
5.0,5.0,5.4,5.08,12.5,1.0389268267426661,6.198230644861748e-18,0.34547066791616476,41.0233891062649,0.0,7.450181539653704,0.0,True,41.0233891062649
5.0,5.0,7.0,5.08,12.5,1.0389268267426661,2.5497172165722002e-21,0.34547066791616476,41.0233891062649,0.0,7.641141511478409,0.0,True,41.0233891062649
5.0,7.6,7.0,5.08,12.5,1.0260287554230705,1.0404116716093121e-22,0.2521370510591575,41.206395755606,0.0,7.406511856930818,0.0,True,41.206395755606
5.0,7.6,3.5,5.08,12.5,1.0260287554230707,2.6322107803226316e-17,0.25213705105915707,41.206395755606,0.0,7.184006033121987,0.0,True,41.206395755606
5.0,7.6,5.4,5.08,12.5,1.0260287554230707,4.0717901675672285e-19,0.25213705105915707,41.206395755606,0.0,7.304794908903922,0.0,True,41.206395755606
5.0,9.0,3.5,3.0,10.92,1.0288795274505482,1.2860089095421838e-17,0.2729443118084729,41.226412052222756,0.0,7.187975560979951,0.0,True,41.226412052222756
5.0,9.0,5.4,3.0,10.92,1.0288795274505482,5.284874987787515e-20,0.2729443118084729,41.226412052222756,0.0,7.329522895942293,0.0,True,41.226412052222756
5.0,7.6,3.5,3.0,10.92,1.0373263593074706,5.806297762328856e-19,0.32993474039781845,41.24735264739729,0.0,7.206130307297378,0.0,True,41.24735264739729
5.0,7.6,5.4,3.0,10.92,1.0373263593074706,2.7957871733415495e-17,0.32993474039781845,41.24735264739729,0.0,7.412958479847992,0.0,True,41.24735264739729
5.0,7.6,7.0,3.0,10.92,1.0373263593074706,7.002989182036211e-22,0.32993474039781845,41.24735264739729,0.0,7.587129572522193,0.0,True,41.24735264739729
5.0,7.6,7.0,7.0,12.5,1.0873932547385725,0.47886127759820085,0.10679813483285205,41.323628124362706,0.0,-7.982847626379458,0.0,True,41.323628124362706
5.0,9.0,7.0,5.08,10.92,1.087532071599817,0.4790394961958827,0.10950885784485198,41.40869440984886,0.0,-7.9729389328927995,0.0,True,41.40869440984886
5.84,5.0,3.5,5.08,9.0,1.0060480253097508,6.226749309769484e-23,0.1475594078265846,41.54510169680162,0.0,7.275232344940016,0.0,True,41.54510169680162
5.84,5.0,5.4,5.08,9.0,1.0060480253097508,3.6652897374733015e-17,0.1475594078265846,41.54510169680162,0.0,7.316602524732465,0.0,True,41.54510169680162
5.84,5.0,7.0,5.08,9.0,1.0060480253097508,5.777061296222717e-18,0.1475594078265846,41.54510169680162,0.0,7.3514405708734785,0.0,True,41.54510169680162
5.84,5.0,3.5,7.0,10.92,1.0048822762854481,1.783796307588925e-22,0.12152108998810196,41.56902261531571,0.0,7.264423736814787,0.0,True,41.56902261531571
5.84,5.0,5.4,7.0,10.92,1.0048822762854481,2.5211452188991198e-24,0.12152108998810196,41.56902261531571,0.0,7.29248174990739,0.0,True,41.56902261531571
5.84,5.0,7.0,7.0,10.92,1.0048822762854481,2.599799672573696e-17,0.12152108998810196,41.56902261531571,0.0,7.3161095504064235,0.0,True,41.56902261531571
5.0,5.0,3.5,7.0,12.5,1.0909458804854193,0.4760638374016564,0.1589344828862843,41.656031447606765,0.0,-7.924061295476475,0.0,True,41.656031447606765
5.0,7.6,3.5,3.0,9.0,1.0931013509528755,0.47640285300270313,0.18547100474754352,42.00422876809384,0.0,-7.948170862506842,0.0,True,42.00422876809384
5.0,9.0,5.4,3.0,9.0,1.0903865072360421,0.4787298338820824,0.1467237396739135,42.037071843929525,0.0,-7.978905047762268,0.0,True,42.037071843929525
5.84,9.0,3.5,5.08,10.92,1.0050294708792094,2.5357752360321224e-22,0.11386382841790998,42.131078477591394,0.0,7.256384611562841,0.0,True,42.131078477591394
5.84,9.0,5.4,5.08,10.92,1.0050294708792094,6.717487402259638e-24,0.11386382841790998,42.131078477591394,0.0,7.281018057264609,0.0,True,42.131078477591394
5.84,9.0,7.0,5.08,10.92,1.0050294708792094,3.511044872342171e-17,0.11386382841790998,42.131078477591394,0.0,7.301762011539781,0.0,True,42.131078477591394
5.0,7.6,5.4,5.08,10.92,1.0906443839554876,0.47837682528971137,0.14587488645134183,42.15293400585904,0.0,-7.98547503793562,0.0,True,42.15293400585904
5.0,7.6,3.5,3.0,12.5,1.053865376000052,8.396185551927119e-18,0.39581606648193823,42.34732266534509,0.0,7.171147704917692,0.0,True,42.34732266534509
5.0,7.6,5.4,3.0,12.5,1.053865376000052,1.0024270143296715e-20,0.39581606648193823,42.34732266534509,0.0,7.468821386039637,0.0,True,42.34732266534509
5.0,7.6,7.0,3.0,12.5,1.053865376000052,2.8631831199563487e-18,0.39581606648193823,42.34732266534509,0.0,7.7194939596160115,0.0,True,42.34732266534509
5.0,9.0,3.5,5.08,12.5,1.0911804999137513,0.4751539969340047,0.15068273919301334,42.47544782238789,0.0,-7.891171429948708,0.0,True,42.47544782238789
5.0,5.0,7.0,5.08,9.0,1.093501464440218,0.48306625957554034,0.17441339402963696,42.58353084391474,0.0,-7.967390405495314,0.0,True,42.58353084391474
5.84,9.0,3.5,3.0,9.0,1.0078046256481163,4.751867509008779e-23,0.15360819710188345,42.75704249037233,0.0,7.260913717414339,0.0,True,42.75704249037233
5.84,9.0,5.4,3.0,9.0,1.0078046256481163,3.842091735190692e-17,0.15360819710188345,42.75704249037233,0.0,7.30574512602643,0.0,True,42.75704249037233
5.84,9.0,7.0,3.0,9.0,1.0078046256481163,4.941947969896517e-18,0.15360819710188345,42.75704249037233,0.0,7.343497891173458,0.0,True,42.75704249037233
5.84,7.6,3.5,7.0,12.5,1.00629530812904,1.5943196016600547e-22,0.12508746645158308,42.870814304611855,0.0,7.250877114020725,0.0,True,42.870814304611855
5.84,7.6,5.4,7.0,12.5,1.00629530812904,2.7494879351001656e-24,0.12508746645158308,42.870814304611855,0.0,7.280606175120949,0.0,True,42.870814304611855
5.84,7.6,7.0,7.0,12.5,1.00629530812904,2.9272858123983906e-17,0.12508746645158308,42.870814304611855,0.0,7.305641173942191,0.0,True,42.870814304611855
5.0,9.0,3.5,3.0,12.5,1.0459057741518452,1.3696057128734177e-20,0.34364866695749763,42.8741429450791,0.0,7.133904924891429,0.0,True,42.8741429450791
5.0,9.0,5.4,3.0,12.5,1.0459057741518452,2.936665585595405e-17,0.34364866695749763,42.8741429450791,0.0,7.358284296864593,0.0,True,42.8741429450791
5.0,9.0,7.0,3.0,12.5,1.0459057741518452,9.436431757020688e-20,0.34364866695749763,42.8741429450791,0.0,7.547235346947257,0.0,True,42.8741429450791
5.0,5.0,3.5,5.08,10.92,1.0991477805534255,0.4759216442794415,0.23398910682524854,42.9536622859824,0.0,-7.954430705374582,0.0,True,42.9536622859824
5.84,5.0,3.5,7.0,10.92,1.0741475547200583,0.4869340723863029,0.07223750545075236,43.170192148852095,0.0,-7.913545315833013,0.0,True,43.170192148852095
5.84,9.0,3.5,5.08,10.92,1.0739728091667888,0.4868045815966707,0.06407370822845027,43.32210329779754,0.0,-7.905407797926284,0.0,True,43.32210329779754
5.0,5.0,5.4,7.0,12.5,1.095754251922886,0.4789666620405834,0.18658990610421744,43.33226301348289,0.0,-8.01538325376733,0.0,True,43.33226301348289
5.0,5.0,3.5,3.0,9.0,1.1115400871037342,0.47888582567993854,0.3341436900353193,43.578159498777914,0.0,-8.041503183142016,0.0,True,43.578159498777914
5.84,7.6,3.5,7.0,12.5,1.074280457310352,0.48669213387792964,0.06919956046149933,43.69998864045833,0.0,-7.900523167916494,0.0,True,43.69998864045833
5.84,7.6,3.5,5.08,10.92,1.0101341433505626,1.8721124729264743e-23,0.17024776835570832,43.73823737158712,0.0,7.252274781964281,0.0,True,43.73823737158712
5.84,7.6,7.0,5.08,10.92,1.0101341433505626,2.7641036846786885e-18,0.17024776835570832,43.73823737158712,0.0,7.353719841169626,0.0,True,43.73823737158712
5.84,7.6,5.4,5.08,10.92,1.0101341433505628,3.3752738454214933e-17,0.17024776835570798,43.73823737158713,0.0,7.307344956961465,0.0,True,43.73823737158713
5.0,7.6,3.5,5.08,12.5,1.0980152864832051,0.47378634489215343,0.20636765090294984,43.88949730089807,0.0,-7.887131506405029,0.0,True,43.88949730089807
5.0,7.6,7.0,5.08,10.92,1.0952250251729665,0.4811121423257259,0.17294539333868475,43.98684410581803,0.0,-8.005665809729187,0.0,True,43.98684410581803
5.84,7.6,3.5,3.0,9.0,1.0144698638204284,1.3862054832563698e-17,0.22242067652456654,44.012029470187024,0.0,7.272626088800704,0.0,True,44.012029470187024
5.84,7.6,5.4,3.0,9.0,1.0144698638204284,4.3659594653065756e-18,0.22242067652456654,44.012029470187024,0.0,7.366620907757432,0.0,True,44.012029470187024
5.84,7.6,7.0,3.0,9.0,1.0144698638204284,2.206283534198194e-20,0.22242067652456654,44.012029470187024,0.0,7.4457744395104655,0.0,True,44.012029470187024
5.0,7.6,5.4,3.0,9.0,1.100244949664098,0.4809173010483922,0.22413944193780155,44.19047326276872,0.0,-8.021400990722793,0.0,True,44.19047326276872
5.0,9.0,7.0,3.0,9.0,1.0957997518062002,0.4818697461433119,0.1799512161442851,44.230147859143614,0.0,-7.969456895481137,0.0,True,44.230147859143614
5.84,5.0,3.5,3.0,9.0,1.0277930192826108,1.7624403854482925e-18,0.3544475891474046,44.32279502542055,0.0,7.380018657739942,0.0,True,44.32279502542055
5.84,5.0,5.4,3.0,9.0,1.0277930192826108,8.396219587703217e-23,0.3544475891474046,44.32279502542055,0.0,7.618721535299517,0.0,True,44.32279502542055
5.84,5.0,7.0,3.0,9.0,1.0277930192826108,2.9387213237853533e-23,0.3544475891474046,44.32279502542055,0.0,7.819734484823368,0.0,True,44.32279502542055
5.0,9.0,5.4,5.08,12.5,1.0960713984608483,0.47732287976540394,0.17769374876300448,44.343170140516186,0.0,-7.978641595061227,0.0,True,44.343170140516186
5.84,5.0,3.5,5.08,9.0,1.0763004961150946,0.4871059614722503,0.11662313964325788,44.41002233405536,0.0,-7.925242282710839,0.0,True,44.41002233405536
5.0,9.0,3.5,3.0,10.92,1.1023155383276069,0.4732193466737074,0.23722814376771084,44.581382167128915,0.0,-7.894530889170799,0.0,True,44.581382167128915
5.84,9.0,7.0,7.0,12.5,1.0748010796998269,0.4875553075058881,0.07033612756120988,44.671938638197915,0.0,-7.919470865307614,0.0,True,44.671938638197915
5.0,5.0,5.4,5.08,10.92,1.1067320481782812,0.48276649347461387,0.2650307386807409,44.73814744164676,0.0,-8.088651605951375,0.0,True,44.73814744164676
5.0,5.0,3.5,3.0,10.92,1.130961374995507,0.4788388351978178,0.42926723725303173,44.78675375568308,0.0,-8.086301704690696,0.0,True,44.78675375568308
5.0,5.0,3.5,5.08,12.5,1.112741464755898,0.47388370964306137,0.31203783641068095,44.798921394563095,0.0,-7.943251102449693,0.0,True,44.798921394563095
5.84,5.0,3.5,7.0,12.5,1.0154903945744984,1.1411436314924298e-17,0.21627223648046634,44.83968573105819,0.0,7.251066543335456,0.0,True,44.83968573105819
5.84,5.0,5.4,7.0,12.5,1.0154903945744984,6.443235752035667e-18,0.21627223648046634,44.83968573105819,0.0,7.339936535852756,0.0,True,44.83968573105819
5.84,5.0,7.0,7.0,12.5,1.0154903945744984,1.0168637979644563e-19,0.21627223648046634,44.83968573105819,0.0,7.4147744242883755,0.0,True,44.83968573105819
5.0,5.0,7.0,7.0,12.5,1.100848567950738,0.4831045631787931,0.20967905775495155,44.89207310840161,0.0,-8.067185817661269,0.0,True,44.89207310840161
5.84,5.0,3.5,5.08,10.92,1.0212237905520771,2.131298077347161e-17,0.27608360161604306,44.90100835002579,0.0,7.285824065005616,0.0,True,44.90100835002579
5.84,5.0,5.4,5.08,10.92,1.0212237905520771,1.9660553845604525e-19,0.27608360161604306,44.90100835002579,0.0,7.430646159660059,0.0,True,44.90100835002579
5.84,5.0,7.0,5.08,10.92,1.0212237905520771,4.754676238401057e-24,0.27608360161604306,44.90100835002579,0.0,7.552601607790116,0.0,True,44.90100835002579
6.5,9.0,3.5,7.0,12.5,1.0022751792042792,5.828021884476585e-22,0.07580890793894757,44.97630358647533,0.0,7.263464587963659,0.0,True,44.97630358647533
6.5,9.0,5.4,7.0,12.5,1.0022751792042792,4.227351013785024e-23,0.07580890793894757,44.97630358647533,0.0,7.274383869957162,0.0,True,44.97630358647533
5.0,7.6,3.5,3.0,10.92,1.1119170454970655,0.4730286347216194,0.3018224911335182,45.20725295424323,0.0,-7.921606477773773,0.0,True,45.20725295424323
5.0,5.0,3.5,3.0,12.5,1.1451473516392208,0.4785881506067032,0.48713357194713913,45.21935771478385,0.0,-8.114697400188614,0.0,True,45.21935771478385
5.84,5.0,5.4,7.0,10.92,1.0767282189836729,0.4879717582199146,0.10916337106681517,45.24323875750995,0.0,-7.935959696024183,0.0,True,45.24323875750995
5.84,5.0,3.5,3.0,10.92,1.0449335930196224,5.79376387206198e-23,0.45005730988874193,45.32878045530271,0.0,7.441396186792765,0.0,True,45.32878045530271
5.84,5.0,5.4,3.0,10.92,1.0449335930196224,7.380806902403141e-23,0.45005730988874193,45.32878045530271,0.0,7.8262441929429185,0.0,True,45.32878045530271
5.84,5.0,7.0,3.0,10.92,1.0449335930196224,2.982797326865335e-19,0.45005730988874193,45.32878045530271,0.0,8.150326724437784,0.0,True,45.32878045530271
5.84,9.0,3.5,3.0,9.0,1.0774928159458859,0.4864702233133801,0.12453952338717045,45.63750697887333,0.0,-7.911509470578705,0.0,True,45.63750697887333
5.0,7.6,5.4,5.08,12.5,1.1044110392949562,0.47836748326111134,0.23236516644971017,45.644230489397515,0.0,-8.018092524666933,0.0,True,45.644230489397515
6.5,5.0,3.5,5.08,9.0,1.005501803943479,3.3954124655682465e-23,0.14848480075326465,45.67846342280806,0.0,7.282618891450071,0.0,True,45.67846342280806
6.5,5.0,5.4,5.08,9.0,1.005501803943479,3.796784116549988e-17,0.14848480075326465,45.67846342280806,0.0,7.3245095899540695,0.0,True,45.67846342280806
6.5,5.0,7.0,5.08,9.0,1.005501803943479,3.3771341384299733e-18,0.14848480075326465,45.67846342280806,0.0,7.35978596764165,0.0,True,45.67846342280806
5.84,9.0,5.4,5.08,10.92,1.0765545397726901,0.48740971117619875,0.10072700702345838,45.69820804608535,0.0,-7.9264279113535,0.0,True,45.69820804608535
5.84,5.0,3.5,3.0,12.5,1.0573773530921298,2.0156794975997035e-23,0.5080593785938678,45.69832244045171,0.0,7.482860991652261,0.0,True,45.69832244045171
5.84,5.0,5.4,3.0,12.5,1.0573773530921298,5.668286086013236e-20,0.5080593785938678,45.69832244045171,0.0,7.973297222788917,0.0,True,45.69832244045171
5.84,5.0,7.0,3.0,12.5,1.0573773530921298,3.3843836010171763e-18,0.5080593785938678,45.69832244045171,0.0,8.386296154272415,0.0,True,45.69832244045171
6.5,5.0,3.5,7.0,10.92,1.0044419649810525,1.0195198422714552e-22,0.12229077109501096,45.7037020389426,0.0,7.270256197494804,0.0,True,45.7037020389426
6.5,5.0,7.0,7.0,10.92,1.0044419649810525,1.776352519035911e-17,0.12229077109501096,45.7037020389426,0.0,7.322598811927348,0.0,True,45.7037020389426
5.0,5.0,5.4,3.0,9.0,1.1243584308463153,0.49381777779413943,0.37375800464559894,45.73298237067284,0.0,-8.221381145770168,0.0,True,45.73298237067284
5.84,7.6,5.4,7.0,12.5,1.0766911619032957,0.4872994674098076,0.10097907962890718,45.81293699777163,0.0,-7.929777983338024,0.0,True,45.81293699777163
5.84,9.0,3.5,5.08,12.5,1.0167646129217625,5.838249035205395e-18,0.20768780287186883,46.002335434674336,0.0,7.223179655289947,0.0,True,46.002335434674336
5.84,9.0,5.4,5.08,12.5,1.0167646129217625,7.48296838459759e-18,0.20768780287186883,46.002335434674336,0.0,7.305134679867261,0.0,True,46.002335434674336
5.84,9.0,7.0,5.08,12.5,1.0167646129217625,1.447793191207081e-19,0.20768780287186883,46.002335434674336,0.0,7.374149437406052,0.0,True,46.002335434674336
5.0,9.0,7.0,5.08,12.5,1.1011845092199628,0.48066783893505394,0.20004102736405482,46.05245856103554,0.0,-8.031256984918942,0.0,True,46.05245856103554
5.84,7.6,3.5,5.08,10.92,1.078228337792509,0.48615914222285583,0.13036167733746384,46.09609772802783,0.0,-7.9041292814955275,0.0,True,46.09609772802783
6.5,9.0,3.5,5.08,10.92,1.0045813766237064,1.4678184664331013e-22,0.11465382318287975,46.27234311201526,0.0,7.262284354880369,0.0,True,46.27234311201526
6.5,9.0,5.4,5.08,10.92,1.0045813766237064,2.0563815303528222e-24,0.11465382318287975,46.27234311201526,0.0,7.287260803304226,0.0,True,46.27234311201526
6.5,9.0,7.0,5.08,10.92,1.0045813766237064,2.6421629004649868e-17,0.11465382318287975,46.27234311201526,0.0,7.308293601976947,0.0,True,46.27234311201526
5.0,7.6,7.0,3.0,9.0,1.108206806667641,0.48765131405885925,0.25704386773119925,46.33871896857409,0.0,-8.026412831223348,0.0,True,46.33871896857409
5.84,5.0,3.5,5.08,12.5,1.034407834663981,3.7947985612549037e-19,0.3511522617136136,46.34563048693867,0.0,7.2920802129498306,0.0,True,46.34563048693867
5.84,5.0,5.4,5.08,12.5,1.034407834663981,3.674034235959875e-17,0.3511522617136136,46.34563048693867,0.0,7.526365243672342,0.0,True,46.34563048693867
5.84,5.0,7.0,5.08,12.5,1.034407834663981,4.136495591968268e-22,0.3511522617136136,46.34563048693867,0.0,7.723657901122882,0.0,True,46.34563048693867
5.0,5.0,5.4,5.08,12.5,1.1223848097731368,0.485269332311032,0.33781911059142,46.48977707399885,0.0,-8.17652853684719,0.0,True,46.48977707399885
5.0,5.0,7.0,5.08,10.92,1.1148354210976303,0.49133032779780567,0.29203064787565003,46.52075217276015,0.0,-8.152298687220807,0.0,True,46.52075217276015
5.0,7.6,3.5,3.0,12.5,1.1272697709008712,0.4700335908938954,0.3705798392447357,46.53386245999824,0.0,-7.894533989858614,0.0,True,46.53386245999824
5.0,9.0,5.4,3.0,10.92,1.1104444410888499,0.47948093666492836,0.2667874729841534,46.55645036484022,0.0,-8.03846904357524,0.0,True,46.55645036484022
5.84,7.6,3.5,5.08,12.5,1.0230475186257406,2.3573220777999788e-17,0.2564767294997913,46.55871946613277,0.0,7.227467676319413,0.0,True,46.55871946613277
5.84,7.6,5.4,5.08,12.5,1.0230475186257406,3.387272361285456e-19,0.2564767294997913,46.55871946613277,0.0,7.35245027059174,0.0,True,46.55871946613277
5.84,7.6,7.0,5.08,12.5,1.0230475186257406,1.005160191436499e-22,0.2564767294997913,46.55871946613277,0.0,7.457698771031595,0.0,True,46.55871946613277
5.84,9.0,3.5,3.0,10.92,1.0255662228761837,1.188277809682258e-17,0.2776194522633777,46.573490846115085,0.0,7.236805407561107,0.0,True,46.573490846115085
5.84,9.0,5.4,3.0,10.92,1.0255662228761837,5.080501720931998e-20,0.2776194522633777,46.573490846115085,0.0,7.383243272083641,0.0,True,46.573490846115085
5.84,9.0,7.0,3.0,10.92,1.0255662228761837,1.9209932020397205e-18,0.2776194522633777,46.573490846115085,0.0,7.50655936852367,0.0,True,46.573490846115085
5.84,7.6,3.5,3.0,10.92,1.0330192462855838,7.861155864720021e-19,0.3354875833575309,46.5782905462231,0.0,7.271228450355617,0.0,True,46.5782905462231
5.84,7.6,5.4,3.0,10.92,1.0330192462855838,5.94828698155661e-24,0.3354875833575309,46.5782905462231,0.0,7.485077095671062,0.0,True,46.5782905462231
5.84,7.6,7.0,3.0,10.92,1.0330192462855838,1.3461896517011548e-22,0.3354875833575309,46.5782905462231,0.0,7.665160165410383,0.0,True,46.5782905462231
5.84,5.0,5.4,5.08,9.0,1.0806185924283362,0.48993071262648363,0.16052559627730156,46.61378437539624,0.0,-7.941036556187489,0.0,True,46.61378437539624
5.0,9.0,3.5,3.0,12.5,1.1174727335059416,0.4692400084975108,0.31240494588338363,46.634585846529504,0.0,-7.845403201179207,0.0,True,46.634585846529504
5.0,5.0,5.4,3.0,10.92,1.1468770742641043,0.5012834221393864,0.4617802880205425,46.86749912242435,0.0,-8.432046383941168,0.0,True,46.86749912242435
6.5,9.0,3.5,3.0,9.0,1.007117154190448,2.614859705350364e-23,0.15476253144611118,46.9034973736671,0.0,7.270263014740329,0.0,True,46.9034973736671
6.5,9.0,5.4,3.0,9.0,1.007117154190448,3.624598986062532e-17,0.15476253144611118,46.9034973736671,0.0,7.315770752905584,0.0,True,46.9034973736671
6.5,9.0,7.0,3.0,9.0,1.007117154190448,2.8957850479328426e-18,0.15476253144611118,46.9034973736671,0.0,7.354093058728959,0.0,True,46.9034973736671
6.5,7.6,3.5,7.0,12.5,1.005742778715346,9.376494278360306e-23,0.12604798408551166,47.0204332505059,0.0,7.258224888934392,0.0,True,47.0204332505059
6.5,7.6,5.4,7.0,12.5,1.005742778715346,4.715858716697016e-25,0.12604798408551166,47.0204332505059,0.0,7.288412268089233,0.0,True,47.0204332505059
6.5,7.6,7.0,7.0,12.5,1.005742778715346,2.1055955491226377e-17,0.12604798408551166,47.0204332505059,0.0,7.313833218956467,0.0,True,47.0204332505059
5.84,5.0,7.0,7.0,10.92,1.0799830249191271,0.49030635256318633,0.1394093920758942,47.106862449557035,0.0,-7.926928203870914,0.0,True,47.106862449557035
5.0,7.6,5.4,3.0,10.92,1.1222574029054477,0.48362345339327883,0.33138053738751594,47.158135130577314,0.0,-8.125678158701035,0.0,True,47.158135130577314
5.0,5.0,5.4,3.0,12.5,1.1630064659039097,0.5063272706715213,0.5156136982879975,47.26749523523763,0.0,-8.583780165524278,0.0,True,47.26749523523763
5.0,7.6,7.0,5.08,12.5,1.1109918579118525,0.484183260306771,0.25443393446502127,47.31510980003611,0.0,-8.09794369213328,0.0,True,47.31510980003611
5.84,5.0,3.5,7.0,12.5,1.0824693335982678,0.4857607510499273,0.17554748981564983,47.47803586084514,0.0,-7.907247466078463,0.0,True,47.47803586084514
6.5,9.0,5.4,7.0,12.5,1.0678274076658623,0.4928645413148956,0.0559045342715504,47.52974200545032,0.0,-7.885376005077947,0.0,True,47.52974200545032
6.5,7.6,7.0,5.08,9.0,1.0680571749078256,0.49353898493979365,0.06391549813374398,47.58759884859561,0.0,-7.838429485268015,0.0,True,47.58759884859561
5.84,7.6,7.0,7.0,12.5,1.079598888219815,0.4888887796450882,0.12682568560232543,47.671554293048665,0.0,-7.939351387287527,0.0,True,47.671554293048665
5.84,7.6,3.5,3.0,12.5,1.0477214027065147,1.1208383443704375e-23,0.4028402450970172,47.67402842238755,0.0,7.266318115261941,0.0,True,47.67402842238755
5.84,7.6,5.4,3.0,12.5,1.0477214027065147,3.094008364208447e-22,0.4028402450970172,47.67402842238755,0.0,7.574650615094609,0.0,True,47.67402842238755
5.84,7.6,7.0,3.0,12.5,1.0477214027065147,5.7602050613989e-19,0.4028402450970172,47.67402842238755,0.0,7.834299036006329,0.0,True,47.67402842238755
6.5,5.0,3.5,7.0,10.92,1.0686652994507226,0.49267397458920226,0.08425955100323723,47.78288444554517,0.0,-7.884477255391275,0.0,True,47.78288444554517
5.84,7.6,3.5,3.0,9.0,1.0846106670254774,0.48648752098890163,0.20321770498885305,47.79225373781761,0.0,-7.928258470131189,0.0,True,47.79225373781761
5.84,9.0,7.0,5.08,10.92,1.0798209735162934,0.489173919950677,0.13046063369027527,47.79758765233811,0.0,-7.9216407787808505,0.0,True,47.79758765233811
6.5,7.6,3.5,5.08,10.92,1.0092583197620169,1.0265629975371038e-23,0.17168599621258407,47.89572828136365,0.0,7.264342501882505,0.0,True,47.89572828136365
6.5,7.6,5.4,5.08,10.92,1.0092583197620169,2.7559409319771657e-17,0.17168599621258407,47.89572828136365,0.0,7.320347056343969,0.0,True,47.89572828136365
6.5,7.6,7.0,5.08,10.92,1.0092583197620169,1.705024150619156e-18,0.17168599621258407,47.89572828136365,0.0,7.367508786416781,0.0,True,47.89572828136365
6.5,9.0,3.5,5.08,10.92,1.0685166177898149,0.49246685775519833,0.07610628720445745,48.0392170204278,0.0,-7.875903706623832,0.0,True,48.0392170204278
5.84,9.0,5.4,3.0,9.0,1.0824671491758253,0.48902638013047584,0.16704213940741108,48.14526997531145,0.0,-7.936656868495659,0.0,True,48.14526997531145
5.0,5.0,7.0,3.0,9.0,1.138891239880483,0.5118213134771824,0.41109160988730964,48.16108420398625,0.0,-8.265899910144986,0.0,True,48.16108420398625
6.5,7.6,3.5,3.0,9.0,1.0132223443455257,3.1317426913810826e-17,0.22433191891654536,48.16831753497075,0.0,7.290412647832626,0.0,True,48.16831753497075
6.5,7.6,5.4,3.0,9.0,1.0132223443455257,3.1832415552814716e-18,0.22433191891654536,48.16831753497075,0.0,7.386029786537707,0.0,True,48.16831753497075
6.5,7.6,7.0,3.0,9.0,1.0132223443455257,1.2450495489181665e-20,0.22433191891654536,48.16831753497075,0.0,7.466549482289354,0.0,True,48.16831753497075
5.84,7.6,5.4,5.08,10.92,1.0826210951282311,0.4885902544067665,0.16493797160357115,48.2178734978988,0.0,-7.9529674910971915,0.0,True,48.2178734978988
5.84,9.0,3.5,3.0,12.5,1.040757185164162,4.074339055154564e-20,0.3500946889175023,48.231213556673744,0.0,7.212405236174495,0.0,True,48.231213556673744
5.84,9.0,5.4,3.0,12.5,1.040757185164162,1.230694837917577e-18,0.3500946889175023,48.231213556673744,0.0,7.4452811894701565,0.0,True,48.231213556673744
5.84,9.0,7.0,3.0,12.5,1.040757185164162,1.8873840015294778e-20,0.3500946889175023,48.231213556673744,0.0,7.641387255403345,0.0,True,48.231213556673744
5.0,5.0,7.0,5.08,12.5,1.1324182240979732,0.49779541546125344,0.36113835918552817,48.23530362384573,0.0,-8.321350551993703,0.0,True,48.23530362384573
5.0,7.6,5.4,3.0,12.5,1.1394755250288908,0.4854312314070829,0.39546595069968404,48.3982864150913,0.0,-8.205576468447116,0.0,True,48.3982864150913
6.5,7.6,3.5,7.0,12.5,1.0688372573182903,0.4923591318444339,0.08083200072519348,48.40543258788416,0.0,-7.872333892036859,0.0,True,48.40543258788416
5.84,9.0,3.5,5.08,12.5,1.0828113004706283,0.48466586494195596,0.16718336873521045,48.417261949561166,0.0,-7.875659677808047,0.0,True,48.417261949561166
6.5,5.0,3.5,3.0,9.0,1.025388080425355,1.830360624984722e-18,0.35746511831875905,48.46789767603926,0.0,7.416423402302647,0.0,True,48.46789767603926
6.5,5.0,5.4,3.0,9.0,1.025388080425355,1.268968199684033e-22,0.35746511831875905,48.46789767603926,0.0,7.659207892850471,0.0,True,48.46789767603926
6.5,5.0,7.0,3.0,9.0,1.025388080425355,1.1935528210435874e-23,0.35746511831875905,48.46789767603926,0.0,7.863657990153902,0.0,True,48.46789767603926
5.0,9.0,5.4,3.0,12.5,1.1274982559360434,0.4798321752344564,0.33671182159728774,48.469898875942945,0.0,-8.086532697233277,0.0,True,48.469898875942945
5.0,9.0,7.0,3.0,10.92,1.1189424600402889,0.4873319236313592,0.29232647526777333,48.50212993968325,0.0,-8.115610968778245,0.0,True,48.50212993968325
5.84,5.0,3.5,5.08,10.92,1.0902631176593867,0.4867745548866605,0.25084036165539025,48.62920101257907,0.0,-7.949810928899403,0.0,True,48.62920101257907
5.84,5.0,7.0,5.08,9.0,1.0859245799405528,0.4949870312469319,0.1973894558177819,48.71339740008178,0.0,-7.8938034257926155,0.0,True,48.71339740008178
6.5,5.0,3.5,5.08,9.0,1.0708573320325263,0.4931113463253802,0.12875569708420265,48.92011784310162,0.0,-7.897022619954841,0.0,True,48.92011784310162
6.5,5.0,3.5,7.0,12.5,1.0141765779898377,2.879490158552219e-17,0.2182988601791851,49.0071853100711,0.0,7.26974870488677,0.0,True,49.0071853100711
6.5,5.0,5.4,7.0,12.5,1.0141765779898377,4.982868491401939e-18,0.2182988601791851,49.0071853100711,0.0,7.36029205036228,0.0,True,49.0071853100711
6.5,5.0,7.0,7.0,12.5,1.0141765779898377,6.695324601330943e-20,0.2182988601791851,49.0071853100711,0.0,7.436539078131131,0.0,True,49.0071853100711
6.5,5.0,3.5,5.08,10.92,1.0194180664656194,1.9412798013927046e-17,0.27864139081385664,49.06207052891511,0.0,7.3123464000778435,0.0,True,49.06207052891511
6.5,5.0,5.4,5.08,10.92,1.0194180664656194,1.6810448438207943e-19,0.27864139081385664,49.06207052891511,0.0,7.459864346959736,0.0,True,49.06207052891511
6.5,5.0,7.0,5.08,10.92,1.0194180664656194,4.1864960159720025e-24,0.27864139081385664,49.06207052891511,0.0,7.584089986439225,0.0,True,49.06207052891511
5.84,5.0,3.5,3.0,9.0,1.101898140774663,0.49167254379042186,0.3520121440640088,49.133321291463325,0.0,-8.047820541497396,0.0,True,49.133321291463325
5.0,7.6,7.0,3.0,10.92,1.133169433886851,0.49582742633678994,0.35798696784480943,49.18251476738379,0.0,-8.238647681050587,0.0,True,49.18251476738379
5.84,5.0,5.4,7.0,12.5,1.0875159995882246,0.48992796243117304,0.20484750690280185,49.25634660977214,0.0,-7.995177635006894,0.0,True,49.25634660977214
5.0,5.0,7.0,3.0,10.92,1.1645023877835228,0.5255992801698601,0.49408610456603785,49.27225716446218,0.0,-8.619096527772303,0.0,True,49.27225716446218
6.5,5.0,3.5,3.0,10.92,1.0410758630611785,5.597315221341376e-22,0.4541104176220534,49.467389658260956,0.0,7.501299076880884,0.0,True,49.467389658260956
6.5,5.0,5.4,3.0,10.92,1.0410758630611785,2.0256680437023285e-17,0.4541104176220534,49.467389658260956,0.0,7.893109992527348,0.0,True,49.467389658260956
6.5,5.0,7.0,3.0,10.92,1.0410758630611785,9.965767087654531e-20,0.4541104176220534,49.467389658260956,0.0,8.22305602675595,0.0,True,49.467389658260956
5.0,5.0,7.0,3.0,12.5,1.1825554628834953,0.5348729874367549,0.5448974370760675,49.65213533590702,0.0,-8.877640654109406,0.0,True,49.65213533590702
6.5,9.0,7.0,7.0,12.5,1.069619146958793,0.49362580191719624,0.08389489212071355,49.65398920167145,0.0,-7.881705892654988,0.0,True,49.65398920167145
5.84,7.6,3.5,5.08,12.5,1.089311465021591,0.4841409514577944,0.22266962710132332,49.69132488196236,0.0,-7.885736426959147,0.0,True,49.69132488196236
6.5,5.0,3.5,3.0,12.5,1.0524431004265677,3.971493682165723e-23,0.5126399489603859,49.8276480346191,0.0,7.560125604577777,0.0,True,49.8276480346191
6.5,5.0,5.4,3.0,12.5,1.0524431004265677,6.456089700526731e-21,0.5126399489603859,49.8276480346191,0.0,8.059445067390982,0.0,True,49.8276480346191
6.5,5.0,7.0,3.0,12.5,1.0524431004265677,1.0188990936331015e-18,0.5126399489603859,49.8276480346191,0.0,8.479924615023153,0.0,True,49.8276480346191
6.5,5.0,5.4,7.0,10.92,1.0714620437789508,0.4942423501483974,0.12205073687847623,49.91157699649371,0.0,-7.902686491968975,0.0,True,49.91157699649371
5.84,7.6,5.4,3.0,9.0,1.0921010013453627,0.49282263662043496,0.24458501730498838,50.132013748417,0.0,-7.98726384052617,0.0,True,50.132013748417
5.84,7.6,7.0,5.08,10.92,1.0875617042749843,0.49263956428426253,0.19374330512000038,50.18352184758192,0.0,-7.958236604936907,0.0,True,50.18352184758192
6.5,9.0,3.5,5.08,12.5,1.015374566298803,2.5464718761498005e-17,0.20985270522300004,50.18732675464848,0.0,7.242868319777017,0.0,True,50.18732675464848
6.5,9.0,5.4,5.08,12.5,1.015374566298803,5.8366992606289885e-18,0.20985270522300004,50.18732675464848,0.0,7.326540819766899,0.0,True,50.18732675464848
6.5,9.0,7.0,5.08,12.5,1.015374566298803,9.649635055746173e-20,0.20985270522300004,50.18732675464848,0.0,7.397001872389957,0.0,True,50.18732675464848
6.5,9.0,3.5,3.0,9.0,1.0721072015800135,0.49246277064812444,0.13646829378472647,50.219210932564266,0.0,-7.885482283402378,0.0,True,50.219210932564266
5.84,5.0,3.5,3.0,10.92,1.1198677039720832,0.4940167717533047,0.4465763542590723,50.27792945671718,0.0,-8.132790072031346,0.0,True,50.27792945671718
5.0,9.0,7.0,3.0,12.5,1.1377505065837932,0.4914001060407997,0.3585397468224625,50.33769808979786,0.0,-8.243850166217495,0.0,True,50.33769808979786
5.84,9.0,3.5,3.0,10.92,1.0934267416692833,0.4841165911914307,0.2539767182282552,50.34933638111791,0.0,-7.8980766412675845,0.0,True,50.34933638111791
5.0,7.6,7.0,3.0,12.5,1.1521753717904117,0.5016455066690434,0.418758600518252,50.38079976388525,0.0,-8.408413533156871,0.0,True,50.38079976388525
5.84,9.0,5.4,5.08,12.5,1.0879500866546383,0.4880056795280936,0.1957424389825978,50.39612709751284,0.0,-7.961328306012236,0.0,True,50.39612709751284
5.84,5.0,3.5,5.08,12.5,1.1030020514986159,0.4863128567389888,0.3284656125662999,50.401667346497206,0.0,-7.9676077571751005,0.0,True,50.401667346497206
6.5,9.0,5.4,5.08,10.92,1.0713371737480357,0.4935354433273692,0.11352969476414121,50.473281728274756,0.0,-7.894229222734707,0.0,True,50.473281728274756
5.84,9.0,7.0,3.0,9.0,1.0883513978680475,0.49372559070035815,0.20250433034188076,50.50647319952369,0.0,-7.903371514471118,0.0,True,50.50647319952369
6.5,5.0,3.5,5.08,12.5,1.0315361587558358,4.910117620485776e-19,0.3547498640879003,50.51145264172089,0.0,7.335675077344985,0.0,True,50.51145264172089
6.5,5.0,7.0,5.08,12.5,1.0315361587558358,1.0641749940852187e-22,0.3547498640879003,50.51145264172089,0.0,7.776141208591327,0.0,True,50.51145264172089
5.84,5.0,5.4,5.08,10.92,1.0981156717566671,0.49562677796773735,0.2844399285661443,50.54742234239217,0.0,-8.073709116464485,0.0,True,50.54742234239217
6.5,7.6,5.4,7.0,12.5,1.071450985300806,0.49340444631404945,0.1132912805701618,50.57062847917413,0.0,-7.9007275501753815,0.0,True,50.57062847917413
6.5,7.6,3.5,5.08,10.92,1.0728171652385623,0.49217295291189717,0.14171264877767198,50.66387558914807,0.0,-7.88157914363583,0.0,True,50.66387558914807
5.84,5.0,3.5,3.0,12.5,1.1328787302278058,0.4955227330541878,0.5040497224554488,50.67730383575166,0.0,-8.191644979555953,0.0,True,50.67730383575166
6.5,7.6,3.5,5.08,12.5,1.0211485244739986,2.181429544486575e-17,0.25923444286123454,50.74414997144509,0.0,7.255154529422277,0.0,True,50.74414997144509
6.5,7.6,5.4,5.08,12.5,1.0211485244739986,2.9746623286583027e-19,0.25923444286123454,50.74414997144509,0.0,7.382839272516869,0.0,True,50.74414997144509
6.5,7.6,7.0,5.08,12.5,1.0211485244739986,9.13125059690421e-23,0.25923444286123454,50.74414997144509,0.0,7.490363266701788,0.0,True,50.74414997144509
6.5,7.6,3.5,3.0,10.92,1.0302790404763036,9.272168502301674e-19,0.33900830325417075,50.74969837621216,0.0,7.312615031581529,0.0,True,50.74969837621216
6.5,7.6,5.4,3.0,10.92,1.0302790404763036,2.07669654755501e-23,0.33900830325417075,50.74969837621216,0.0,7.530975627964546,0.0,True,50.74969837621216
6.5,7.6,7.0,3.0,10.92,1.0302790404763036,3.97212019549665e-23,0.33900830325417075,50.74969837621216,0.0,7.71485823544498,0.0,True,50.74969837621216
6.5,9.0,3.5,3.0,10.92,1.023456270847955,1.1230889773971456e-17,0.2805887786140091,50.75547131764778,0.0,7.2678982001170365,0.0,True,50.75547131764778
6.5,9.0,5.4,3.0,10.92,1.023456270847955,4.8481659527424244e-20,0.2805887786140091,50.75547131764778,0.0,7.417485319216829,0.0,True,50.75547131764778
6.5,9.0,7.0,3.0,10.92,1.023456270847955,9.399545295196285e-18,0.2805887786140091,50.75547131764778,0.0,7.543453419511391,0.0,True,50.75547131764778
5.84,7.6,3.5,3.0,10.92,1.1023755400604913,0.4852484256925863,0.3187321124751905,50.86379504861333,0.0,-7.941342371389478,0.0,True,50.86379504861333
5.84,5.0,7.0,7.0,12.5,1.0929191858597782,0.4955605920081181,0.22972598461330018,50.941280570101654,0.0,-8.034339234302754,0.0,True,50.941280570101654
6.5,5.0,5.4,5.08,9.0,1.0753869023184772,0.4968312221579153,0.17411098223542054,51.20174336829407,0.0,-7.901608632746387,0.0,True,51.20174336829407
5.84,5.0,5.4,3.0,9.0,1.1151827601073123,0.5100592514278203,0.3960985710443653,51.48648194817035,0.0,-8.20135723855239,0.0,True,51.48648194817035
5.84,7.6,5.4,5.08,12.5,1.0959372889471597,0.49030730297318004,0.2506071448397307,51.56911862217527,0.0,-8.012690470241788,0.0,True,51.56911862217527
6.5,7.6,3.5,3.0,12.5,1.0438024509932002,2.5533562319279848e-22,0.40729918515551977,51.842196817986306,0.0,7.326911385107664,0.0,True,51.842196817986306
6.5,7.6,5.4,3.0,12.5,1.0438024509932002,6.632464072502531e-24,0.40729918515551977,51.842196817986306,0.0,7.64210737494153,0.0,True,51.842196817986306
6.5,7.6,7.0,3.0,12.5,1.0438024509932002,1.8816514581309328e-19,0.40729918515551977,51.842196817986306,0.0,7.9075355769068905,0.0,True,51.842196817986306
6.5,5.0,7.0,7.0,10.92,1.0749313637489522,0.497334278884956,0.15332912503222573,51.84741391782353,0.0,-7.881126380142102,0.0,True,51.84741391782353
6.5,5.0,3.5,7.0,12.5,1.0769234136569596,0.4921482669757576,0.1863981071216828,51.96123004310322,0.0,-7.891984806875525,0.0,True,51.96123004310322
5.84,7.6,3.5,3.0,12.5,1.1166482047469721,0.4840384777113132,0.387286761451862,52.13168926731775,0.0,-7.947345981770421,0.0,True,52.13168926731775
5.84,5.0,5.4,5.08,12.5,1.1129112614544163,0.500201899583005,0.3570174952608477,52.233829953858084,0.0,-8.192780085031849,0.0,True,52.233829953858084
5.84,9.0,7.0,5.08,12.5,1.0933724229285477,0.4927273105901303,0.21975387465567353,52.238942903101886,0.0,-8.0034319847487,0.0,True,52.238942903101886
6.5,7.6,3.5,3.0,9.0,1.079039284973521,0.4931618579437643,0.21486831883855229,52.25534690394271,0.0,-7.909731473484994,0.0,True,52.25534690394271
5.84,9.0,3.5,3.0,12.5,1.1076387101179195,0.4818157225036964,0.32888288203547944,52.32246369144853,0.0,-7.881750120362292,0.0,True,52.32246369144853
6.5,9.0,3.5,3.0,12.5,1.0374630961646711,7.251180441002487e-20,0.3542021944578486,52.41903143648824,0.0,7.262578576919668,0.0,True,52.41903143648824
6.5,9.0,5.4,3.0,12.5,1.0374630961646711,6.2969980262533224e-18,0.3542021944578486,52.41903143648824,0.0,7.500951046581304,0.0,True,52.41903143648824
6.5,9.0,7.0,3.0,12.5,1.0374630961646711,6.027237296006019e-21,0.3542021944578486,52.41903143648824,0.0,7.701685757875312,0.0,True,52.41903143648824
5.84,9.0,5.4,3.0,10.92,1.1018388699126458,0.4923523472337478,0.28604869856096293,52.476942665045534,0.0,-8.033789596196563,0.0,True,52.476942665045534
6.5,7.6,7.0,7.0,12.5,1.0745489457636128,0.4956038097150102,0.13992665884303634,52.49407298391077,0.0,-7.902569065332462,0.0,True,52.49407298391077
5.84,7.6,7.0,3.0,9.0,1.1006208615538342,0.5019010733961369,0.2806713446998146,52.49441414144161,0.0,-7.961333863785088,0.0,True,52.49441414144161
5.84,5.0,7.0,5.08,10.92,1.106694878633374,0.506619682595482,0.3143645583562751,52.512028417988205,0.0,-8.113386485162795,0.0,True,52.512028417988205
5.84,5.0,5.4,3.0,10.92,1.1362900450927902,0.5205970423516025,0.48371447331088946,52.559842071396176,0.0,-8.457088490593916,0.0,True,52.559842071396176
6.5,9.0,7.0,5.08,10.92,1.0748284968012067,0.49598337917864166,0.14419791726702624,52.64847870311711,0.0,-7.878522752268161,0.0,True,52.64847870311711
6.5,9.0,5.4,3.0,9.0,1.0772937251085781,0.4959228984639744,0.18042890426728186,52.817708879425254,0.0,-7.900666251457298,0.0,True,52.817708879425254
6.5,7.6,5.4,5.08,10.92,1.0773738293591495,0.4954105738477688,0.1774734110406162,52.861033579679784,0.0,-7.924615983834408,0.0,True,52.861033579679784
5.84,5.0,5.4,3.0,12.5,1.1512661789478336,0.5277734511495596,0.537149281891729,52.92441714115781,0.0,-8.643013277318467,0.0,True,52.92441714115781
6.5,9.0,3.5,5.08,12.5,1.0773295464893125,0.4909391436903243,0.17797225537340078,52.978141157732644,0.0,-7.861753403535858,0.0,True,52.978141157732644
5.84,7.6,5.4,3.0,10.92,1.1130445897573729,0.49843017004902096,0.3513948778463407,52.98275331614749,0.0,-8.134158753166254,0.0,True,52.98275331614749
6.5,5.0,3.5,5.08,10.92,1.0844020719271512,0.49397774743017087,0.2619520075145988,53.020632491127984,0.0,-7.9410242790212475,0.0,True,53.020632491127984
5.84,7.6,7.0,5.08,12.5,1.102869215319666,0.4979454805433185,0.2747777453590602,53.39321967750299,0.0,-8.079211888539477,0.0,True,53.39321967750299
6.5,5.0,7.0,5.08,9.0,1.08096684900564,0.5031426117669165,0.21276870036318174,53.41140519379243,0.0,-7.831255969558404,0.0,True,53.41140519379243
6.5,5.0,3.5,3.0,9.0,1.0954985151466416,0.5002132358435795,0.3639003336454594,53.44812025428058,0.0,-8.043861443372945,0.0,True,53.44812025428058
6.5,5.0,5.4,7.0,12.5,1.082086931075251,0.49727823409097655,0.21693418132054676,53.81138128377079,0.0,-7.974738826725944,0.0,True,53.81138128377079
6.5,7.6,3.5,5.08,12.5,1.0835670456555002,0.4910136128889856,0.23341332090915212,54.164703960958335,0.0,-7.8801490634764475,0.0,True,54.164703960958335
5.84,7.6,5.4,3.0,12.5,1.1292141272443421,0.5024639405786214,0.4153992924318346,54.16840190505909,0.0,-8.250345925038754,0.0,True,54.16840190505909
5.84,5.0,7.0,5.08,12.5,1.1234896589726944,0.5156559960876116,0.38348894554903223,54.17479427304451,0.0,-8.316180634455002,0.0,True,54.17479427304451
5.84,5.0,7.0,3.0,9.0,1.1308569781496145,0.53270480499857,0.4392016208018581,54.247830668808405,0.0,-8.189201121346844,0.0,True,54.247830668808405
5.84,9.0,5.4,3.0,12.5,1.1179608063330877,0.49484625052183107,0.35588323593702587,54.31755816138783,0.0,-8.11724751253981,0.0,True,54.31755816138783
6.5,5.0,3.5,3.0,10.92,1.1124720071258039,0.5041689966202434,0.4581396981248984,54.55062116688765,0.0,-8.15380040288826,0.0,True,54.55062116688765
5.84,9.0,7.0,3.0,10.92,1.1108299602019676,0.5025439157452508,0.31440281201013753,54.62460268971099,0.0,-8.090359096698908,0.0,True,54.62460268971099
6.5,7.6,5.4,3.0,9.0,1.0867105807427873,0.5008917296656877,0.25826982303864443,54.704512402867124,0.0,-7.954821604339225,0.0,True,54.704512402867124
6.5,5.0,3.5,5.08,12.5,1.096530095708365,0.4946037481138364,0.3393750316599109,54.74694311240112,0.0,-7.9769940947513,0.0,True,54.74694311240112
6.5,9.0,3.5,3.0,10.92,1.0875396842035088,0.491376837822213,0.2650650140327421,54.802180935970476,0.0,-7.89498641391578,0.0,True,54.802180935970476
6.5,7.6,7.0,5.08,10.92,1.082521269975134,0.5004921065640441,0.20763718109771412,54.923821962804624,0.0,-7.916008893995524,0.0,True,54.923821962804624
6.5,5.0,3.5,3.0,12.5,1.1246917050449725,0.5068392196632008,0.515358248670199,54.92754875927801,0.0,-8.231496640861874,0.0,True,54.92754875927801
6.5,5.0,5.4,5.08,10.92,1.092386221670121,0.504341334491436,0.2974608918278073,55.033094509721074,0.0,-8.054107088145845,0.0,True,55.033094509721074
6.5,9.0,5.4,5.08,12.5,1.082591278654803,0.49517810180222743,0.20770321324078533,55.035975699645434,0.0,-7.943398650967752,0.0,True,55.035975699645434
6.5,7.6,3.5,3.0,10.92,1.0960293711899325,0.4934159816644752,0.3299817818032894,55.24492075708194,0.0,-7.947708384892681,0.0,True,55.24492075708194
5.84,7.6,7.0,3.0,10.92,1.1246245566331419,0.5137460480479574,0.3815969174170952,55.24538219781563,0.0,-8.22023867277821,0.0,True,55.24538219781563
6.5,9.0,7.0,3.0,9.0,1.083458371909148,0.5018613231465908,0.2176597984714408,55.304730636868825,0.0,-7.846283743204747,0.0,True,55.304730636868825
5.84,5.0,7.0,3.0,10.92,1.155235024979889,0.5502823270112731,0.5219368754372733,55.30609107491009,0.0,-8.59335120308431,0.0,True,55.30609107491009
6.5,5.0,7.0,7.0,12.5,1.0876671125841129,0.504064419972152,0.24319031778407618,55.58738947810347,0.0,-8.001792343240806,0.0,True,55.58738947810347
5.84,5.0,7.0,3.0,12.5,1.1722210383970495,0.5620612255885031,0.572306228274939,55.646829222503264,0.0,-8.89080915346032,0.0,True,55.646829222503264
6.5,5.0,5.4,3.0,9.0,1.1090403091525236,0.5212209970771084,0.41135421442219,55.943357657891895,0.0,-8.172845963049141,0.0,True,55.943357657891895
6.5,7.6,5.4,5.08,12.5,1.0903038119600972,0.4983759493754423,0.262802738900657,56.12940277385132,0.0,-8.001385977192266,0.0,True,56.12940277385132
5.84,7.6,7.0,3.0,12.5,1.1426787624735093,0.5222340968006843,0.4424191067531399,56.39765663807247,0.0,-8.4297197712011,0.0,True,56.39765663807247
5.84,9.0,7.0,3.0,12.5,1.128783124374439,0.5092083212962816,0.380713338983819,56.399470318090806,0.0,-8.25700205258405,0.0,True,56.399470318090806
6.5,7.6,3.5,3.0,12.5,1.1095531188216203,0.4934205547399789,0.3984470570983636,56.47455119458778,0.0,-7.9745408650818135,0.0,True,56.47455119458778
6.5,5.0,5.4,5.08,12.5,1.1065664217403832,0.5103636254294794,0.3699932064231589,56.67862227934836,0.0,-8.192677828592407,0.0,True,56.67862227934836
6.5,9.0,3.5,3.0,12.5,1.1010780167022214,0.49023690736095654,0.3398693437759355,56.72444372714883,0.0,-7.8994157963834075,0.0,True,56.72444372714883
6.5,5.0,5.4,3.0,10.92,1.1291706399605381,0.5338727523592236,0.4987604200571253,56.97623327027735,0.0,-8.456512976003932,0.0,True,56.97623327027735
6.5,9.0,7.0,5.08,12.5,1.0881912087553796,0.5009674432200046,0.23300198647208203,56.97659832950483,0.0,-7.975056907025981,0.0,True,56.97659832950483
6.5,9.0,5.4,3.0,10.92,1.0960946579579312,0.5011053997697598,0.2990201019261962,57.038176782394096,0.0,-8.021431573089918,0.0,True,57.038176782394096
6.5,5.0,7.0,5.08,10.92,1.101261741006072,0.5172203111359357,0.32964881789895983,57.13226856357511,0.0,-8.071836539960309,0.0,True,57.13226856357511
6.5,7.6,7.0,3.0,9.0,1.0955844990643435,0.5118169915610509,0.296846638526863,57.22740620228231,0.0,-7.901394305843437,0.0,True,57.22740620228231
6.5,5.0,5.4,3.0,12.5,1.143361303485575,0.5424884181109049,0.5519338404592694,57.31621646371232,0.0,-8.663639911780423,0.0,True,57.31621646371232
6.5,7.6,5.4,3.0,10.92,1.1068679023020958,0.5085468521445213,0.364970961819028,57.48340025489797,0.0,-8.128442114126848,0.0,True,57.48340025489797
6.5,7.6,7.0,5.08,12.5,1.097444661256256,0.5074192880015014,0.2885906760252248,58.06577155100802,0.0,-8.054932679170037,0.0,True,58.06577155100802
6.5,7.6,5.4,3.0,12.5,1.1223055404457494,0.5141192424394164,0.4289797022261963,58.63365034720485,0.0,-8.267444435460842,0.0,True,58.63365034720485
6.5,5.0,7.0,5.08,12.5,1.117491177802065,0.5280850867345157,0.39890520765853776,58.76436060413772,0.0,-8.29546954680421,0.0,True,58.76436060413772
6.5,9.0,5.4,3.0,12.5,1.1115502564898987,0.505098163223639,0.36888725111884246,58.83300192643724,0.0,-8.127292037967694,0.0,True,58.83300192643724
6.5,5.0,7.0,3.0,9.0,1.125521529177966,0.5475946494948051,0.4590695979500309,58.96318353130183,0.0,-8.109029845441565,0.0,True,58.96318353130183
6.5,9.0,7.0,3.0,10.92,1.1053968085926082,0.5131200065463312,0.3295585352084546,59.33602410677783,0.0,-8.058683720321175,0.0,True,59.33602410677783
6.5,7.6,7.0,3.0,10.92,1.1188875864823233,0.5262998508686602,0.3979813735455857,59.92500105550317,0.0,-8.189185490752386,0.0,True,59.92500105550317
6.5,5.0,7.0,3.0,10.92,1.1490517363520187,0.5678559132703213,0.5417090620126148,59.98689691876198,0.0,-8.544709987555827,0.0,True,59.98689691876198
6.5,5.0,7.0,3.0,12.5,1.165307588640737,0.5813565818320362,0.5917718846308571,60.29900312363944,0.0,-8.866619327514897,0.0,True,60.29900312363944
6.5,7.6,7.0,3.0,12.5,1.1362785414482819,0.536670043003036,0.458914117108679,61.048341027228645,0.0,-8.423509966972656,0.0,True,61.048341027228645
6.5,9.0,7.0,3.0,12.5,1.1227398502824173,0.5216305329751126,0.3960482483945531,61.07436422235223,0.0,-8.249494953646721,0.0,True,61.07436422235223
