mu,a,rc,beta,delta,eta,rd,ku,eps_u,umax,c_star,s_star,i_star,eig1_real,eig1_imag,eig2_real,eig2_imag,eig3_real,eig3_imag,unstable
1.0,0.1,5.0,5.0,5.0,3.0,9.0,0.2,0.001,0.5,-2.6972732071316836e-26,0.0,4.692775752978755e-26,-0.5,0.0,9.0,0.0,13.12,0.0,True
1.0,0.1,5.0,5.0,5.0,3.0,9.0,0.2,0.001,0.5,8.214250833885352e-25,1.0,-9.469763985311664e-24,-11.46,0.0,13.999999999999998,0.0,-13.120000000000001,0.0,True
1.0,0.1,5.0,5.0,5.0,3.0,11.0,0.2,0.001,0.5,-1.5909813892577113e-16,0.0,2.3246112328842785e-16,-0.5000000000000018,0.0,10.999999999999995,0.0,13.12,0.0,True
1.0,0.1,5.0,5.0,5.0,3.0,11.0,0.2,0.001,0.5,0.9892951848092256,2.7907479476908458e-18,-0.07713519220915126,-4.433434571868409,0.0,7.401605395276319,0.0,7.424325157668401,0.0,True
1.0,0.1,5.0,5.0,5.0,3.0,11.0,0.2,0.001,0.5,2.465190328815662e-32,7.52316384526264e-37,1.0,-8.5,0.0,-11.0,0.0,18.119999999999997,0.0,True
1.0,0.1,5.0,5.0,5.0,5.0,9.0,0.2,0.001,0.5,-1.331890033181086e-22,1.8713358393652842e-26,1.0,-10.5,0.0,-8.999999999999996,0.0,18.11999999999999,0.0,True
1.0,0.1,5.0,5.0,5.0,5.0,9.0,0.2,0.001,0.5,6.020586428646762e-26,1.0,2.3537085056898285e-25,-11.46,0.0,13.999999999999998,0.0,-13.120000000000001,0.0,True
1.0,0.1,5.0,5.0,5.0,5.0,9.0,0.2,0.001,0.5,0.0,0.0,-1.0445119787436788e-19,-0.5,0.0,13.12,0.0,9.0,0.0,True
1.0,0.1,5.0,5.0,5.0,5.0,11.0,0.2,0.001,0.5,-4.2005265481208437e-26,-1.9721522630525295e-31,1.0,-10.5,0.0,-11.0,0.0,18.119999999999997,0.0,True
1.0,0.1,5.0,5.0,5.0,5.0,11.0,0.2,0.001,0.5,0.9768595976618666,4.93097388103205e-24,-0.1007245845956918,-4.446775392473821,0.0,6.33598725369749,0.0,7.588337369476864,0.0,True
1.0,0.1,5.0,5.0,5.0,5.0,11.0,0.2,0.001,0.5,-1.1855758990130378e-23,1.0,-2.3930619464494656e-20,-11.46,0.0,16.000000000000004,0.0,-13.120000000000001,0.0,True
1.0,0.1,5.0,5.0,5.0,5.0,11.0,0.2,0.001,0.5,0.0,-4.891190047859944e-24,-1.8115707779308796e-21,11.0,0.0,13.12,0.0,-0.5,0.0,True
1.0,0.1,5.0,5.0,7.0,3.0,9.0,0.2,0.001,0.5,-9.778098789815072e-23,0.0,1.6990079755511782e-22,-0.5,0.0,9.0,0.0,13.12,0.0,True
1.0,0.1,5.0,5.0,7.0,3.0,9.0,0.2,0.001,0.5,5.693882559989707e-20,1.0,7.050686950103464e-19,-11.46,0.0,15.999999999999995,0.0,-13.119999999999996,0.0,True
1.0,0.1,5.0,5.0,7.0,3.0,9.0,0.2,0.001,0.5,0.0,0.0,1.0,-8.5,0.0,20.119999999999997,0.0,-9.0,0.0,True
1.0,0.1,5.0,5.0,7.0,3.0,11.0,0.2,0.001,0.5,-4.295186305686845e-18,2.1895288505075267e-47,6.266395755708887e-18,-0.5,0.0,10.999999999999996,0.0,13.119999999999996,0.0,True
1.0,0.1,5.0,5.0,7.0,3.0,11.0,0.2,0.001,0.5,0.9892951848092256,-2.2186712959340957e-31,-0.07713519220915127,-4.433434571868409,0.0,7.401605395276319,0.0,7.436224833422687,0.0,True
1.0,0.1,5.0,5.0,7.0,5.0,9.0,0.2,0.001,0.5,1.0779777958957885e-23,1.0,1.5055591877260084e-21,-11.46,0.0,16.000000000000007,0.0,-13.120000000000005,0.0,True
1.0,0.1,5.0,5.0,7.0,5.0,9.0,0.2,0.001,0.5,-1.6711229416201914e-26,0.0,2.908056841006738e-26,-0.5,0.0,9.0,0.0,13.12,0.0,True
1.0,0.1,5.0,5.0,7.0,5.0,9.0,0.2,0.001,0.5,0.9520443748952958,2.9582283945787943e-31,-0.14293411177016294,-4.431884392105171,0.0,5.379143859921177,0.0,7.960638445299495,0.0,True
1.0,0.1,5.0,5.0,7.0,5.0,9.0,0.2,0.001,0.5,-7.888609052210118e-31,-4.81482486096809e-35,1.0,-10.5,0.0,-9.0,0.0,20.119999999999997,0.0,True
1.0,0.1,5.0,5.0,7.0,5.0,11.0,0.2,0.001,0.5,4.2409162264681595e-27,-2.9779499172093196e-29,1.0,-10.5,0.0,-11.0,0.0,20.119999999999997,0.0,True
1.0,0.1,5.0,5.0,7.0,5.0,11.0,0.2,0.001,0.5,-1.8766054302121606e-25,1.0,-1.4406998266487547e-24,-11.46,0.0,18.000000000000004,0.0,-13.120000000000001,0.0,True
1.0,0.1,5.0,5.0,7.0,5.0,11.0,0.2,0.001,0.5,0.0,-2.9582283945787943e-31,0.0,-0.5,0.0,13.12,0.0,11.0,0.0,True
1.0,0.1,5.0,7.0,5.0,3.0,9.0,0.2,0.001,0.5,4.505721055132749e-25,1.0,8.580787164887243e-25,-11.46,0.0,14.000000000000004,0.0,-13.120000000000003,0.0,True
1.0,0.1,5.0,7.0,5.0,3.0,9.0,0.2,0.001,0.5,0.9650159630306916,-6.043514679692253e-20,-0.12300762258841458,-4.389269893497251,0.0,5.545274049840639,0.0,7.747807893985556,0.0,True
1.0,0.1,5.0,7.0,5.0,3.0,9.0,0.2,0.001,0.5,0.0,0.0,-1.0445119787436788e-19,-0.5,0.0,13.12,0.0,9.0,0.0,True
1.0,0.1,5.0,7.0,5.0,3.0,11.0,0.2,0.001,0.5,-6.210922787858488e-23,0.0,9.048782367897591e-23,-0.5,0.0,11.0,0.0,13.12,0.0,True
1.0,0.1,5.0,7.0,5.0,3.0,11.0,0.2,0.001,0.5,0.9825846001981331,-1.0467005338546064e-22,-0.08766573923552268,-4.42506051332583,0.0,6.827625884579399,0.0,7.510412304381381,0.0,True
1.0,0.1,5.0,7.0,5.0,5.0,9.0,0.2,0.001,0.5,-4.9426868877527716e-26,1.0,7.727050338820855e-26,-11.46,0.0,13.999999999999998,0.0,-13.120000000000001,0.0,True
1.0,0.1,5.0,7.0,5.0,5.0,9.0,0.2,0.001,0.5,-1.9721522630525295e-31,-1.88079096131566e-37,1.0,-12.5,0.0,-9.0,0.0,18.119999999999997,0.0,True
1.0,0.1,5.0,7.0,5.0,5.0,9.0,0.2,0.001,0.5,0.0,0.0,-1.0445119787436788e-19,-0.5,0.0,13.12,0.0,9.0,0.0,True
1.0,0.1,5.0,7.0,5.0,5.0,11.0,0.2,0.001,0.5,-1.2971347149632207e-22,0.0,1.8897603484498813e-22,-0.5,0.0,11.0,0.0,13.12,0.0,True
1.0,0.1,5.0,7.0,5.0,5.0,11.0,0.2,0.001,0.5,-2.908056841006738e-25,1.0,6.426250260547615e-25,-11.46,0.0,15.999999999999998,0.0,-13.12,0.0,True
1.0,0.1,5.0,7.0,5.0,5.0,11.0,0.2,0.001,0.5,-1.3165299095914357e-18,1.5661315640367012e-28,1.0,-12.5,0.0,-11.0,0.0,18.119999999999997,0.0,True
1.0,0.1,5.0,7.0,7.0,3.0,9.0,0.2,0.001,0.5,-1.8773768730685943e-22,4.4835698409141427e-26,1.0,-10.5,0.0,-8.999999999999996,0.0,20.11999999999999,0.0,True
1.0,0.1,5.0,7.0,7.0,3.0,9.0,0.2,0.001,0.5,-1.437620113674772e-26,1.0,2.530665783949006e-26,-11.46,0.0,15.999999999999998,0.0,-13.12,0.0,True
1.0,0.1,5.0,7.0,7.0,3.0,9.0,0.2,0.001,0.5,0.9650159630306915,1.0807394401527862e-28,-0.12300762258841459,-4.38926989349725,0.0,5.54527404984064,0.0,7.778069644415265,0.0,True
1.0,0.1,5.0,7.0,7.0,3.0,9.0,0.2,0.001,0.5,0.0,-1.5146129380243427e-28,0.0,-0.5,0.0,13.12,0.0,9.0,0.0,True
1.0,0.1,5.0,7.0,7.0,3.0,11.0,0.2,0.001,0.5,-2.545307042349908e-25,0.0,3.710296827180298e-25,-0.5,0.0,11.0,0.0,13.12,0.0,True
1.0,0.1,5.0,7.0,7.0,3.0,11.0,0.2,0.001,0.5,-3.470887008776584e-24,1.0,-1.739502667062197e-22,-11.46,0.0,18.0,0.0,-13.119999999999996,0.0,True
1.0,0.1,5.0,7.0,7.0,3.0,11.0,0.2,0.001,0.5,0.0,-9.62964972193618e-35,1.0,-11.0,0.0,20.119999999999997,0.0,-10.5,0.0,True
1.0,0.1,5.0,7.0,7.0,3.0,11.0,0.2,0.001,0.5,0.9825846001981331,2.6269068143859693e-27,-0.0876657392355227,-4.42506051332583,0.0,6.827625884579399,0.0,7.5257828680528025,0.0,True
1.0,0.1,5.0,7.0,7.0,5.0,9.0,0.2,0.001,0.5,-4.226779839046599e-25,0.0,7.348901975294111e-25,-0.5,0.0,9.0,0.0,13.12,0.0,True
1.0,0.1,5.0,7.0,7.0,5.0,9.0,0.2,0.001,0.5,1.9469870296717726e-19,1.0,1.4059220776191225e-18,-11.46,0.0,16.000000000000004,0.0,-13.120000000000001,0.0,True
1.0,0.1,5.0,7.0,7.0,5.0,11.0,0.2,0.001,0.5,2.554503303589323e-19,-7.79013174625726e-21,1.0,-12.5,0.0,-11.0,0.0,20.119999999999997,0.0,True
1.0,0.1,5.0,7.0,7.0,5.0,11.0,0.2,0.001,0.5,-4.541314459176321e-26,1.0,4.6044233315940017e-26,-11.46,0.0,18.000000000000004,0.0,-13.120000000000001,0.0,True
1.0,0.1,5.0,7.0,7.0,5.0,11.0,0.2,0.001,0.5,0.9637029737716465,2.1108192190484105e-30,-0.11429102015705422,-4.4777521135408715,0.0,6.111137612098299,0.0,7.778405044330339,0.0,True
1.0,0.1,5.0,7.0,7.0,5.0,11.0,0.2,0.001,0.5,0.0,-2.9582283945787943e-31,0.0,-0.5,0.0,13.12,0.0,11.0,0.0,True
1.0,0.1,6.0,5.0,5.0,3.0,9.0,0.2,0.001,0.5,-1.2729888282066577e-19,0.0,2.213763310848237e-19,-0.6000000000000001,0.0,9.0,0.0,13.12,0.0,True
1.0,0.1,6.0,5.0,5.0,3.0,9.0,0.2,0.001,0.5,6.421298082085451e-21,1.0,-1.5880523592522733e-20,-11.56,0.0,13.999999999999998,0.0,-13.120000000000001,0.0,True
1.0,0.1,6.0,5.0,5.0,3.0,9.0,0.2,0.001,0.5,0.982651803561508,-3.806240892507213e-20,-0.10716488536937221,-5.28122514482838,0.0,5.797615061736051,0.0,7.528634846081447,0.0,True
1.0,0.1,6.0,5.0,5.0,3.0,11.0,0.2,0.001,0.5,-1.2783720937837586e-21,0.0,1.8625716325736022e-21,-0.6000000000000001,0.0,11.0,0.0,13.12,0.0,True
1.0,0.1,6.0,5.0,5.0,3.0,11.0,0.2,0.001,0.5,0.9910500453743515,4.758974403478263e-19,-0.07733785041273057,-5.32736333899092,0.0,7.381572979902889,0.0,7.404151589778759,0.0,True
1.0,0.1,6.0,5.0,5.0,3.0,11.0,0.2,0.001,0.5,3.944304526105059e-30,-3.4666738998970245e-33,1.0,-8.6,0.0,-11.0,0.0,18.119999999999997,0.0,True
1.0,0.1,6.0,5.0,5.0,5.0,9.0,0.2,0.001,0.5,-8.551252212595768e-27,9.956824444577827e-60,1.4862139454363862e-26,-0.6000000000000001,0.0,9.0,0.0,13.12,0.0,True
1.0,0.1,6.0,5.0,5.0,5.0,9.0,0.2,0.001,0.5,2.176259200369024e-20,1.0,5.025142900774957e-20,-11.56,0.0,14.000000000000004,0.0,-13.120000000000003,0.0,True
1.0,0.1,6.0,5.0,5.0,5.0,9.0,0.2,0.001,0.5,-6.431613605935355e-20,1.766693440287717e-26,1.0,-10.6,0.0,-8.999999999999996,0.0,18.11999999999999,0.0,True
1.0,0.1,6.0,5.0,5.0,5.0,11.0,0.2,0.001,0.5,-9.006009698527783e-23,0.0,1.3121071687265707e-22,-0.6000000000000001,0.0,11.0,0.0,13.12,0.0,True
1.0,0.1,6.0,5.0,5.0,5.0,11.0,0.2,0.001,0.5,6.492325249968927e-28,1.0,6.563322731438818e-28,-11.56,0.0,15.999999999999998,0.0,-13.12,0.0,True
1.0,0.1,6.0,5.0,5.0,5.0,11.0,0.2,0.001,0.5,7.154021777268312e-25,-1.1567856314160917e-26,1.0,-10.6,0.0,-11.0,0.0,18.119999999999997,0.0,True
1.0,0.1,6.0,5.0,7.0,3.0,9.0,0.2,0.001,0.5,-4.8725073982436095e-21,0.0,8.467395566307854e-21,-0.6000000000000001,0.0,9.0,0.0,13.12,0.0,True
1.0,0.1,6.0,5.0,7.0,3.0,9.0,0.2,0.001,0.5,1.6779487972608878e-21,-1.117663179226923e-22,1.0,-8.6,0.0,-9.0,0.0,20.119999999999997,0.0,True
1.0,0.1,6.0,5.0,7.0,3.0,9.0,0.2,0.001,0.5,0.982651803561508,-7.703719777548943e-34,-0.10716488536937226,-5.281225144828379,0.0,5.797615061736052,0.0,7.551603471393909,0.0,True
1.0,0.1,6.0,5.0,7.0,3.0,11.0,0.2,0.001,0.5,-5.709848438281688e-23,0.0,8.318779321448205e-23,-0.6000000000000001,0.0,11.0,0.0,13.12,0.0,True
1.0,0.1,6.0,5.0,7.0,3.0,11.0,0.2,0.001,0.5,0.9910500453743515,2.9187853493177437e-29,-0.07733785041273059,-5.327363338990919,0.0,7.38157297990289,0.0,7.416113875991683,0.0,True
1.0,0.1,6.0,5.0,7.0,3.0,11.0,0.2,0.001,0.5,-2.2272698798010047e-26,1.0,3.0272063921313195e-25,-11.56,0.0,18.0,0.0,-13.119999999999996,0.0,True
1.0,0.1,6.0,5.0,7.0,3.0,11.0,0.2,0.001,0.5,-2.259249455744645e-19,-8.598129483027621e-24,1.0,-8.6,0.0,-11.0,0.0,20.119999999999997,0.0,True
1.0,0.1,6.0,5.0,7.0,5.0,9.0,0.2,0.001,0.5,-3.812038071508017e-19,0.0,6.631089244628284e-19,-0.6000000000000001,0.0,9.0,0.0,13.12,0.0,True
1.0,0.1,6.0,5.0,7.0,5.0,9.0,0.2,0.001,0.5,5.377885671945099e-23,1.0,7.416595076204212e-23,-11.56,0.0,15.999999999999998,0.0,-13.12,0.0,True
1.0,0.1,6.0,5.0,7.0,5.0,9.0,0.2,0.001,0.5,-5.83726882617952e-20,-1.1562235680211217e-26,1.0,-10.6,0.0,-9.0,0.0,20.119999999999997,0.0,True
1.0,0.1,6.0,5.0,7.0,5.0,9.0,0.2,0.001,0.5,0.958717185609577,-1.0622505126866687e-28,-0.14584291999419097,-5.288260075579313,0.0,5.317762541826572,0.0,7.891930045585607,0.0,True
1.0,0.1,6.0,5.0,7.0,5.0,11.0,0.2,0.001,0.5,-1.405914216172129e-24,0.0,2.048665459971726e-24,-0.6000000000000001,0.0,11.0,0.0,13.12,0.0,True
1.0,0.1,6.0,5.0,7.0,5.0,11.0,0.2,0.001,0.5,0.9804559398578203,-2.589959263173066e-18,-0.10161008958106674,-5.327246005613151,0.0,6.288447104409837,0.0,7.568703249618187,0.0,True
1.0,0.1,6.0,7.0,5.0,3.0,9.0,0.2,0.001,0.5,-1.6916987362400212e-20,-5.345529420184391e-51,2.940147571364674e-20,-0.6000000000000001,0.0,9.0,0.0,13.12,0.0,True
1.0,0.1,6.0,7.0,5.0,3.0,9.0,0.2,0.001,0.5,-5.3023549054840874e-18,-1.7968141060241002e-22,1.0,-10.6,0.0,-8.999999999999996,0.0,18.11999999999999,0.0,True
1.0,0.1,6.0,7.0,5.0,3.0,9.0,0.2,0.001,0.5,-6.162975822039155e-33,1.0,3.697785493223493e-32,-11.56,0.0,14.000000000000004,0.0,-13.120000000000003,0.0,True
1.0,0.1,6.0,7.0,5.0,3.0,9.0,0.2,0.001,0.5,0.9702670787627087,5.112434608426953e-23,-0.12460076045095192,-5.259867791665176,0.0,5.490207423197862,0.0,7.690330253360062,0.0,True
1.0,0.1,6.0,7.0,5.0,3.0,11.0,0.2,0.001,0.5,-2.0670932507176887e-24,0.0,3.011959288555208e-24,-0.6000000000000001,0.0,11.0,0.0,13.12,0.0,True
1.0,0.1,6.0,7.0,5.0,3.0,11.0,0.2,0.001,0.5,1.8875829408901775e-21,1.0,-9.454870856876588e-20,-11.56,0.0,15.999999999999995,0.0,-13.119999999999996,0.0,True
1.0,0.1,6.0,7.0,5.0,5.0,9.0,0.2,0.001,0.5,-5.778551281150472e-24,0.0,1.0043297417843548e-23,-0.6000000000000001,0.0,9.0,0.0,13.12,0.0,True
1.0,0.1,6.0,7.0,5.0,5.0,9.0,0.2,0.001,0.5,-4.6145207511808307e-26,-1.9372146901551298e-35,1.0,-12.6,0.0,-8.999999999999996,0.0,18.11999999999999,0.0,True
1.0,0.1,6.0,7.0,5.0,5.0,9.0,0.2,0.001,0.5,1.8488927466117464e-32,1.0,-7.888609052210118e-31,-11.56,0.0,14.000000000000004,0.0,-13.120000000000003,0.0,True
1.0,0.1,6.0,7.0,5.0,5.0,11.0,0.2,0.001,0.5,4.398688407512362e-27,1.0,3.6374376339740854e-27,-11.56,0.0,16.000000000000007,0.0,-13.120000000000005,0.0,True
1.0,0.1,6.0,7.0,5.0,5.0,11.0,0.2,0.001,0.5,0.9689876633845332,4.338734978715565e-30,-0.11608044178837601,-5.345387687996321,0.0,6.046265603954452,0.0,7.694591357849127,0.0,True
1.0,0.1,6.0,7.0,5.0,5.0,11.0,0.2,0.001,0.5,-1.097678366380671e-22,-1.5876226702205815e-34,1.0,-12.6,0.0,-11.0,0.0,18.119999999999997,0.0,True
1.0,0.1,6.0,7.0,5.0,5.0,11.0,0.2,0.001,0.5,0.0,-4.891190047859944e-24,-1.8115707779308796e-21,11.0,0.0,13.12,0.0,-0.6000000000000001,0.0,True
1.0,0.1,6.0,7.0,7.0,3.0,9.0,0.2,0.001,0.5,-1.3638867363678295e-22,0.0,2.3698078314790686e-22,-0.6000000000000001,0.0,9.0,0.0,13.12,0.0,True
1.0,0.1,6.0,7.0,7.0,3.0,9.0,0.2,0.001,0.5,2.154789339829298e-25,2.8142612793759596e-28,1.0,-10.6,0.0,-9.0,0.0,20.119999999999997,0.0,True
1.0,0.1,6.0,7.0,7.0,3.0,11.0,0.2,0.001,0.5,-3.6047787924979355e-26,0.0,5.255706894944469e-26,-0.6000000000000001,0.0,11.0,0.0,13.12,0.0,True
1.0,0.1,6.0,7.0,7.0,3.0,11.0,0.2,0.001,0.5,1.9081305176651267e-18,2.942088602370818e-19,1.0,-10.6,0.0,-10.999999999999996,0.0,20.11999999999999,0.0,True
1.0,0.1,6.0,7.0,7.0,3.0,11.0,0.2,0.001,0.5,1.678696006310313e-26,1.0,3.8067271842345146e-26,-11.56,0.0,18.000000000000004,0.0,-13.120000000000001,0.0,True
1.0,0.1,6.0,7.0,7.0,5.0,9.0,0.2,0.001,0.5,-2.195132166149731e-21,-1.135959703518257e-28,3.856312784547947e-21,-0.6000000000000001,0.0,9.0,0.0,13.12,0.0,True
1.0,0.1,6.0,7.0,7.0,5.0,9.0,0.2,0.001,0.5,-3.660314600225495e-28,1.0,1.2621774483536189e-27,-11.56,0.0,16.000000000000004,0.0,-13.120000000000001,0.0,True
1.0,0.1,6.0,7.0,7.0,5.0,11.0,0.2,0.001,0.5,8.689302871009445e-28,1.0,5.023466244447403e-27,-11.56,0.0,18.000000000000004,0.0,-13.120000000000001,0.0,True
1.0,0.1,6.0,7.0,7.0,5.0,11.0,0.2,0.001,0.5,-2.81843957645486e-18,0.0,4.1109993428581575e-18,-0.6000000000000001,0.0,11.0,0.0,13.12,0.0,True
1.0,0.1,6.0,7.0,7.0,5.0,11.0,0.2,0.001,0.5,1.0703264762038688e-26,-1.7721380899237367e-40,1.0,-12.6,0.0,-11.0,0.0,20.119999999999997,0.0,True
